Start Date	10/03/2023
End Date	10/03/2023

Category Name	Payment Mode	Bank Reference No	Transaction Date	Amount	Status	REGISTRATION ID	NAME OF DEPOSITOR	CONTACT NO.	EMAIL ID	FEE	Remarks
OFFER FEES	NETBANKING	DUK6275570	10-MAR-23	4621	Completed Successfully	3404207801	SHITAL RAI	9993492446	garvitlogisticswarehouse@gmail.com	4621	2023 24 Offer fees for GARVIT LOGISTICS
OFFER FEES	NETBANKING	DUK6275862	10-MAR-23	2921	Completed Successfully	2702205824	meera warehousing co th varsha jain	7247363191	meerawarehousingco@gmail.com	2921	offer fee 2023 2024
OFFER FEES	NETBANKING	DUK6275610	10-MAR-23	3473	Completed Successfully	3006207598	SUSHEEL KUMAR GUPTA	6261522746	gupsushil73@gmail.com	3473	offer
REGISTRATION FEE	NETBANKING	DUK6275614	10-MAR-23	2280	Completed Successfully	3404208240	PREETI CHOUKSEY	8839530488	choukseyravi0488@gmail.com	2280	JVS reg fees for POORNIMA WAREHOUSE
OFFER FEES	NETBANKING	DUK6275629	10-MAR-23	3490	Completed Successfully	3006192774	NITIRAJ SINGH RAJPUT	9993419866	RAJPUTNITIRAJ2@GMAIL.COM	3490	OFFER
OFFER FEES	NETBANKING	DUK6276032	10-MAR-23	5699	Completed Successfully	3404208240	PREETI CHOUKSEY	8839530488	choukseyravi0488@gmail.com	5699	2023 24 offer fees for POORNIMA WAREHOUSE
OFFER FEES	SBDEBIT	DUK6275733	10-MAR-23	5932	Completed Successfully	1603206771	DHANOTIYA WAREHOUSE	9993992303	dhanotiyawarehousebillod@gmail.com	5932	JV SCHEME OFFER FEES
REGISTRATION FEE	SBDEBIT	DUK6276067	10-MAR-23	2235	Completed Successfully	3404208461	KRISHAN KUMAR MALPANI	9407220425	malpaniwarehousegdr@gmail.com	2235	JVS Reg fees for MALPANI WAREHOUSE
OFFER FEES	OTHERDCARD	DUK6275954	10-MAR-23	5776	Completed Successfully	4305204233	KIRAN AGRAWAL	9644791919	mittalwarehouses@gmail.com	5776	
OFFER FEES	SBDEBIT	DUK6276081	10-MAR-23	5587	Completed Successfully	3404208461	KRISHAN KUMAR MALPANI	9407220425	malpaniwarehousegdr@gmail.com	5587	2023 24 Offer fees for MALPANI WAREHOUSE
OFFER FEES	NETBANKING	DUK6275743	10-MAR-23	3052	Completed Successfully	300618987	GOPAL SINGH RAJPUT	9993044360	GOPALSIMARIYA@GMAIL.COM	3052	OFFER
OFFER FEES	SBDEBIT	DUK6275749	10-MAR-23	5177	Completed Successfully	1601204020	KANHA WAREHOUSE	9165326180	kishandhanotiya89@gmail.com	5177	JV SCHEME OFFER FEES
REGISTRATION FEE	SBDEBIT	DUK6275971	10-MAR-23	1905	Completed Successfully	3404208441	RENUKA LUNAWAT	9425168853	arihantwarehouse2021@gmail.com	1905	JVS reg fees for ARIHANT WAREHOUSE
OFFER FEES	SBDEBIT	DUK6275974	10-MAR-23	4763	Completed Successfully	3404208441	RENUKA LUNAWAT	9425168853	arihantwarehouse2021@gmail.com	4763	20234 Offer fees for ARIHANT WAREHOUSE
OFFER FEES	NETBANKING	DUK6275976	10-MAR-23	4311	Completed Successfully	3006204952	PRITI RAJPUT	7974278475	PRITIRAJPUT7974@GMAIL.COM	4311	OFFER
REGISTRATION FEE	SBDEBIT	DUK6276144	10-MAR-23	2041	Completed Successfully	3404208390	NAVNEET SINGH MALHOTRA	9425168889	malhotrawarehousegdr@gmail.com	2041	JVS Reg Fees for MALHOTRA WAREHOUSE
OFFER FEES	SBDEBIT	DUK6276149	10-MAR-23	5103	Completed Successfully	3404208390	NAVNEET SINGH MALHOTRA	9425168889	malhotrawarehousegdr@gmail.com	5103	2023 24 Offer fees for MALHOTRA WAREHOSUE
OFFER FEES	NETBANKING	DUK6275785	10-MAR-23	6006	Completed Successfully	2706208287	YAMNA BAI	7415398018	goutamraghuwanshi@gmail.com	6006	Maa janki WAREHOUSING offer fees
REGISTRATION FEE	OTHERDCARD	DUK6276006	10-MAR-23	2268	Completed Successfully	3605208588	tazalli fatima mansoori	9111586658	mp.tendni.warehouse@gmail.com	2268	mp  tendni registration fee 2023
OFFER FEES	NETBANKING	DUK6276156	10-MAR-23	5699	Completed Successfully	2706207364	SMT KSHAMA SHARMA	9826911483	sarveshsharmagt@gmail.com	5699	SHREE MAHAMAI WAREHOUSE OFFER FEES
OFFER FEES	NETBANKING	DUK6277802	10-MAR-23	5843	Completed Successfully	1201205084	ANITA AGRAWAL	9827212376	awlsatna@gmail.com	5843	FEES
REGISTRATION FEE	NETBANKING	DUK6279127	10-MAR-23	1985	Completed Successfully	2704208500	shivansh yadav	6260775830	akshaykings786@gmail.com	1985.00	maa yashoda wh registration fees paid
OFFER FEES	NETBANKING	DUK6279528	10-MAR-23	4962	Completed Successfully	2704208500	shivansh yadav	6260775830	akshaykings786@gmail.com	4962.00	maa yashoda wh offer fees paid
REGISTRATION FEE	NETBANKING	DUK6279713	10-MAR-23	2476	Completed Successfully	2704208499	shivansh yadav	6260775830	akshaykings786@gmail.com	2476.00	hariom wh registration fees paid
OFFER FEES	NETBANKING	DUK6280057	10-MAR-23	6189	Completed Successfully	2704208499	shivansh yadav	6260775830	akshaykings786@gmail.com	6189.00	Hariom wh offer fees paid
OFFER FEES	OTHERDCARD	DUK6280154	10-MAR-23	5603	Completed Successfully	2907206825	SONU PATIDAR	9993877772	NILESHLOGISTIC@GMAIL.COM	5603	OFFER FEES
OFFER FEES	OTHERDCARD	DUK6280687	10-MAR-23	5108	Completed Successfully	3004204143	SONU PATIDAR	9993877772	SALIGRAMLOGISTICS@GMAIL.COM	5108	OFFER FEES
REGISTRATION FEE	OTHERDCARD	DUK6281464	10-MAR-23	2250	Completed Successfully	1003208589	M/S SHRI MAHAVEER WAREHOUSING AND LOGISTICS	8770248689	msmahaveerwarehouse@gmail.com	2250	
OFFER FEES	NETBANKING	DUK6281265	10-MAR-23	5035	Completed Successfully	2705208283	MS VIDISHA WAREHOUSE CORPORATION	9425463075	kishorvishawakarma765@gmail.com	5035	OFFER FEES
OFFER FEES	NETBANKING	DUK6281582	10-MAR-23	5382	Completed Successfully	1206208443	UMA DEVI PATEL	9981315184	ramanuj25@gmail.com	5382	
OFFER FEES	OTHERDCARD	DUK6281353	10-MAR-23	2625	Completed Successfully	290618584	ARPAN WAREHOSE	9993700197	anshu.moile123@gmail.com	2625	
OFFER FEES	OTHERDCARD	DUK6281574	10-MAR-23	5625	Completed Successfully	1003208589	M/S SHRI MAHAVEER WAREHOUSING AND LOGISTICS	8770248689	msmahaveerwarehouse@gmail.com	5625	
OFFER FEES	NETBANKING	DUK6281366	10-MAR-23	5035	Completed Successfully	2706208278	MS NEW SHAKTI WAREHOUSE CORPORATION	9425149047	satishrai19842@gmail.com	5035	OFFER FEES
OFFER FEES	OTHERDCARD	DUK6281134	10-MAR-23	7711	Completed Successfully	160818262	MAHESH PATIDAR	9826931842	MAHESHPATIDAR9@GMAIL.COM	7711	SHIDDHI VINAYAK
OFFER FEES	NETBANKING	DUK6282480	10-MAR-23	5062	Completed Successfully	3305181231	PRAKHAR AGRO PARK DHANAGWA PRO MANOJ ASATI	9424462448	prakheragropark@gmail.com	5062	offer fees
OFFER FEES	OTHERDCARD	DUK6281981	10-MAR-23	8356.22	Completed Successfully	3004206280	Shakuntala Warehouse	9893056360	swhobedullaganj@gmail.com	8356.22	Offer fees for 8356.22 MT
REGISTRATION FEE	BILLDESK	DUK6282743	10-MAR-23	2284	Completed Successfully	3610208590	SAKUNTALA SAGAR PAWAR	8358880406	shivamindian25@gmail.com	2284	JVS REGISTRATION FEES
OFFER FEES	NETBANKING	DUK6283051	10-MAR-23	4688	Completed Successfully	3305206119	PRAKHAR AGRO PARK PART 2 PRO MANOJ ASATI	8720857548	prakharagroparkpart2@gmail.com	4688	offer fees
OFFER FEES	NETBANKING	DUK6283118	10-MAR-23	8269	Completed Successfully	1801208586	SHREE AGRASEN WAREHOUSING	9993093166	SUNILAGRAWAL8085@GMAIL.COM	8269	SHREE AGRASEN WAREHOUSING KHACHROD OFFER FEES
OFFER FEES	OTHERDCARD	DUK6283679	10-MAR-23	5644	Completed Successfully	0502206574	MAA NARMADA WAREHOUSING	9425724114	moulickgupta98@gmail.com	5644	Offer fees
OFFER FEES	NETBANKING	DUK6284089	10-MAR-23	1873	Completed Successfully	0503206920	JAY BABA WAREHOUSE PROP MONA AGRAWAL	9993653600	agrawalamitkumar214@gmail.com	1873	OFFER FEES
OFFER FEES	OTHERDCARD	DUK6284559	10-MAR-23	5658	Completed Successfully	0502204534	SHRI BABAPOORANDAS WAREHOUSE	9425137301	guptakapilsvp@gmail.com	5658.00	Offer fees
OFFER FEES	OTHERDCARD	DUK6285055	10-MAR-23	3445	Completed Successfully	2906203845	KUNWAR SINGH	9200705758	NC9200@GMAIL.COM	3445	OK
OFFER FEES	OTHERDCARD	DUK6285263	10-MAR-23	4500	Completed Successfully	2906204934	KUNWAR SINGH	9200705758	NC9200@GMAIL.COM	4500	OK
REGISTRATION FEE	NETBANKING	DUK6286002	10-MAR-23	1688	Completed Successfully	0502204677	MAA PITAMBRA WAREHOUSE PROP ANIL THAKUR	9425137562	anilthakur1011@gmail.com	1688	REGISTRATION FEES
OFFER FEES	BILLDESK	DUK6286180	10-MAR-23	5604	Completed Successfully	1006208565	Shri Yamuna Logistics	9893787887	Shriyamunalogistics@gmail.com	5604	Offer Fees Of Shri Yamuna Logistics
OFFER FEES	NETBANKING	DUK6286701	10-MAR-23	2820	Completed Successfully	1805207120	PAWAN SHRIVASTAVA	9131453071	vedantshrivastava049@gmail.com	2820	SUHANI TRADING COMPANY  (SATYASAI)
OFFER FEES	NETBANKING	DUK6286524	10-MAR-23	4219	Completed Successfully	0502204677	MAA PITAMBRA WAREHOUSE PROP ANIL THAKUR	9425137562	anilthakur1011@gmail.com	4219	OFFER FEES
REGISTRATION FEE	NETBANKING	DUK6286695	10-MAR-23	2234	Completed Successfully	270120591	Sachin Maheshwari	9731299770	sachinind@gmail.com	2234	
OFFER FEES	NETBANKING	DUK6286734	10-MAR-23	4613	Completed Successfully	300518085	VIJAYPAL SINGH RAJPOOT	9009886829	grukripawarehousing@gmail.com	4613	OFFER FEES
REGISTRATION FEE	NETBANKING	DUK6287044	10-MAR-23	1981	Completed Successfully	0804208592	OMNI WAREHOUSING	7760953501	erpulkitgupta10@gmail.com	1981	registration fees
OFFER FEES	NETBANKING	DUK6287134	10-MAR-23	6703	Completed Successfully	0502207804	TINKESH GARG HUF WARE HOUSE PROP TINKESH GARG	9993032071	tinkeshgarg@yahoo.com	6703	
OFFER FEES	NETBANKING	DUK6287305	10-MAR-23	5568	Completed Successfully	2708207073	MAA SHARDA WAREHOUSE	8982897021	chandu.thakur83@gmail.com	5568	OFFER FEE
OFFER FEES	OTHERDCARD	DUK6287307	10-MAR-23	4500	Completed Successfully	2906206880	SUMAN BAI	9926198931	anshu.moile123@gmail.com	4500	OK
OFFER FEES	NETBANKING	DUK6287366	10-MAR-23	1566	Completed Successfully	260418909	Arunlata Deriya	9893919600	Deriyasameer@gmail.com	1566	
OFFER FEES	NETBANKING	DUK6287418	10-MAR-23	5250	Completed Successfully	300518671	SAPNA PATEL	9981248896	shivshaktiwearhouse@gmail.com	5250	OFFER FEES
OFFER FEES	NETBANKING	DUK6287926	10-MAR-23	4953	Completed Successfully	0804208592	OMNI WAREHOUSING	7760953501	erpulkitgupta10@gmail.com	4953	Offer fees omni warehousing 23-24
OFFER FEES	NETBANKING	DUK6287827	10-MAR-23	2117	Completed Successfully	2307182608	HALKAI LODHI	9755523300	namangupta1432@gmail.com	2117	OFFER FEES OF MS GAHOI WAREHOUSE BIJAWAR DIST CHHATARPUR
REGISTRATION FEE	SBDEBIT	DUK6287959	10-MAR-23	1764	Completed Successfully	2201208587	Mahajan Warehouse	9826085700	kamalmahajan8989@gmail.com	1764.00	Registration Fee
OFFER FEES	NETBANKING	DUK6287989	10-MAR-23	4347	Completed Successfully	300518015	Archana	8989120033	naharagrowarehousing@gmail.com	4347	Offer Fees NAW 2324
OFFER FEES	SBDEBIT	DUK6288174	10-MAR-23	1924	Completed Successfully	1601206363	JAY SHREE SHYAM WAREHOUSE	9424042693	maheshdhanotiya2@gmail.com	1924	JV SCHEME OFFER FEES
OFFER FEES	CREDITCARD	DUK6288670	10-MAR-23	14423	Completed Successfully	2001181071	AGRAWAL ESTATE	9893265198	agrawalestateind@gmail.com	14423	offer fees Agrawal Estate
REGISTRATION FEE	NETBANKING	DUK6288891	10-MAR-23	1432	Completed Successfully	2901208593	HIMANSHI ASHNANI	9826580744	BALAJIWAREHOUSESEHORE@GMAIL.COM	1432	DONE
OFFER FEES	OTHERDCARD	DUK6288847	10-MAR-23	2250	Completed Successfully	1007203933	SHRIJEE SARAF SONI	9893341510	shrijeesaraf2@gmail.com	2250	OFFER FEE FOR SONI WAREHOUSE
OFFER FEES	NETBANKING	DUK6289089	10-MAR-23	5660	Completed Successfully	3305207442	RAM LAKHAN WAREHOUSE PRO MAMTA BAI	9630536164	ramlakhanwh@gmail.com	5660	offer fees
OFFER FEES	NETBANKING	DUK6288829	10-MAR-23	3783	Completed Successfully	2604205812	Arunlata Deriya	9893919600	Aderiyawarehouse@gmail.com	3783	
OFFER FEES	NETBANKING	DUK6289283	10-MAR-23	5110	Completed Successfully	2701205216	RADHE KRISHNA LOGISTICS	9479389500	rohit.bhargava2010@rediffmail.com	5110	OFFER FEES
OFFER FEES	BILLDESK	DUK6288943	10-MAR-23	5620	Completed Successfully	4101206878	ADHIRA WAREHOUSE	9826467281	AEROSSEEDS@GMAIL.COM	5620	OFFER FEES
OFFER FEES	BILLDESK	DUK6289190	10-MAR-23	4875	Completed Successfully	260618579	MAHESH MISHRA	9425600655	maheshmishrasandiya@gmail.com	4875	jvs23-24 offer fees for shri krihsna warehouse sandiya
OFFER FEES	NETBANKING	DUK6289338	10-MAR-23	3657	Completed Successfully	3103207140	satish turiya	9424411925	satishturiya@gmail.com	3657	offer fee
OFFER FEES	SBDEBIT	DUK6289466	10-MAR-23	4411	Completed Successfully	2201208587	Mahajan Warehouse	9826085700	kamalmahajan8989@gmail.com	4411.00	Offer Fee
OFFER FEES	NETBANKING	DUK6289906	10-MAR-23	2916	Completed Successfully	2604181082	SURESH CHAND JOSHI	9893970100	balajiwarehousesirwad@gmail.com	2916	offer fees
OFFER FEES	NETBANKING	DUK6290035	10-MAR-23	5604	Completed Successfully	1607204588	SHREE NATH WAREHOUSE	8982712701	vineetporwal701@gmail.com	5604	Offer fees for JV Scheme
OFFER FEES	NETBANKING	DUK6290116	10-MAR-23	3581	Completed Successfully	2901208593	HIMANSHI ASHNANI	9826580744	BALAJIWAREHOUSESEHORE@GMAIL.COM	3581	done
OFFER FEES	SBDEBIT	DUK6290089	10-MAR-23	7401	Completed Successfully	4401203651	Maheshwari Agro Facility Center	9425441089	amitpjhanwar@gmail.com	7401	Offer Fee
REGISTRATION FEE	BILLDESK	DUK6290443	10-MAR-23	2362	Completed Successfully	2707208594	KRISHNA DEVI	7999709157	jatkrishnadevi121@gmail.com	2362	
REGISTRATION FEE	NETBANKING	DUK6290421	10-MAR-23	1721	Completed Successfully	1902208595	SHOBHA JOSHI	9752710661	avi_soni@yahoo.com	1721	warehouse registration fee
OFFER FEES	NETBANKING	DUK6290536	10-MAR-23	499	Completed Successfully	010418169	MITHLESH	9826286337	bhadoriyanareshsingh@gmail.com	499	offer fee
OFFER FEES	SBDEBIT	DUK6290229	10-MAR-23	6398	Completed Successfully	3005193301	Manik Agro	9039890020	smita.jindal2003@gmail.com	6398	Offer Fees 2324
OFFER FEES	NETBANKING	DUK6290571	10-MAR-23	4502	Completed Successfully	0703205914	rajendra prasad rawat	8878174741	rawatajiandcompany@gmail.com	4502	offer fee
OFFER FEES	NETBANKING	DUK6290971	10-MAR-23	3445	Completed Successfully	2901206798	KAMLA SHARMA	9425000401	MAHADEVWAREHOUSE529@GMAIL.COM	3445	DONE
OFFER FEES	BILLDESK	DUK6291444	10-MAR-23	5620	Completed Successfully	4101204815	SANSKRITI WARE HOUSE	9826467281	SANSKRITIAGRO@GMAIL.COM	5620	OFFER FEES
OFFER FEES	NETBANKING	DUK6290768	10-MAR-23	3397	Completed Successfully	290418955	MAIYA WAREHOUSE& AGRO SERVICES	9893616320	maiyawarehouse2012@gmail.com	3397	offer fees for warehouse
REGISTRATION FEE	NETBANKING	DUK6291170	10-MAR-23	1350	Completed Successfully	1909208578	KIRAN BAI SHRI JAGANNATHPURAM WAREHOUSE	9300948177	omprakashparmar.op@gmail.com	1350	WAREHOUSE REGISTRATION
OFFER FEES	SBDEBIT	DUK6291489	10-MAR-23	6181	Completed Successfully	3005203867	Smita	9039890020	smita_jindal2003@yahoo.co.in	6181	OfferFees 2324
OFFER FEES	NETBANKING	DUK6291402	10-MAR-23	3534	Completed Successfully	2405205186	Kanha Warehouse	9926951311	amanradhakishanpatel@gmail.com	3534	ok
OFFER FEES	OTHERDCARD	DUK6291715	10-MAR-23	2812	Completed Successfully	1903204822	BABA MAHAKAL WAREHOUSE	7067898221	babamahakalwarehouse@gmail.com	2812	
OFFER FEES	BILLDESK	DUK6291968	10-MAR-23	5906	Completed Successfully	2707208594	KRISHNA DEVI	7999709157	jatkrishnadevi121@gmail.com	5906	
OFFER FEES	NETBANKING	DUK6292450	10-MAR-23	5616	Completed Successfully	3008206691	RAJESHWARI SINGH	7987353811	singhmahendra0685@gmail.com	5616	Offer Fee
REGISTRATION FEE	NETBANKING	DUK6292142	10-MAR-23	1450	Completed Successfully	3201208455	punirma	9171147599	vijaypalsinhparamar5@gmail.com	1450	cash
OFFER FEES	NETBANKING	DUK6292675	10-MAR-23	3375	Completed Successfully	1909208578	KIRAN BAI	9300948177	omprakashparmar.op@gmail.com	3375	OFFER 2023
OFFER FEES	NETBANKING	DUK6292718	10-MAR-23	1022	Completed Successfully	2301207487	RADHA GUPTA	9584846565	ANKITGUPTA5651@GMAIL.COM	1022	
OFFER FEES	OTHERDCARD	DUK6292380	10-MAR-23	7499	Completed Successfully	2504207672	Neelima Pandey	8770968156	kamtawarehouse@gmail.com	7499	Wheat Offer Fees
OFFER FEES	NETBANKING	DUK6292607	10-MAR-23	4303	Completed Successfully	1902208595	SHOBHA JOSHI	9752710661	avi_soni@yahoo.com	4303	offer fee
REGISTRATION FEE	NETBANKING	DUK6293261	10-MAR-23	2288	Completed Successfully	2901208597	Vidhya Bijoria	9893483963	bijoria.kk@gmail.com	2288	done
OFFER FEES	NETBANKING	DUK6293277	10-MAR-23	1960	Completed Successfully	1301204033	PRAGATI AGRO SERVICES	9827004402	khandwatyping1@gmail.com	1960	OFFER FEE
OFFER FEES	NETBANKING	DUK6293559	10-MAR-23	5586	Completed Successfully	2701208591	Sachin Maheshwari	89040707088	sa.reach@gmail.com	5586	
OFFER FEES	NETBANKING	DUK6293149	10-MAR-23	3610	Completed Successfully	3201208455	punirma	9171147599	vijaypalsinhparamar5@gmail.com	3610	cash
OFFER FEES	NETBANKING	DUK6293612	10-MAR-23	9761	Completed Successfully	300518038	Archana	9425009850	mnahar@gmail.com	9761	Offer Fees 2324
OFFER FEES	NETBANKING	DUK6294054	10-MAR-23	5719	Completed Successfully	2901208597	Vidhya Bijoria	9893483963	bijoria.kk@gmail.com	5719	done
OFFER FEES	NETBANKING	DUK6293428	10-MAR-23	3598	Completed Successfully	0303205963	SHRI SAI WAREHOUSE PHASE 01	9284927672	yashveerbundela@gmail.com	3598.00	submitted
OFFER FEES	OTHERDCARD	DUK6294106	10-MAR-23	4261	Completed Successfully	0601203967	yogesh purohit	9630091825	yogesh_purohit@ruchiinfrastructure.com	4261	GUNA BIG WH CH
OFFER FEES	NETBANKING	DUK6294135	10-MAR-23	5716	Completed Successfully	3005193302	Manish	8989120033	manishnahar@gmail.com	5716	Offer Fees 2324
OFFER FEES	NETBANKING	DUK6294448	10-MAR-23	3072	Completed Successfully	330718409	Hemlata Vaishava	9039611599	ashish.vaishnava4321@gmail.com	3072	ofer
OFFER FEES	CREDITCARD	DUK6294023	10-MAR-23	5625	Completed Successfully	1201204884	Roli Shukla	9926197991	satyam.shukla122@gmail.com	5625	offer fees
OFFER FEES	NETBANKING	DUK6294360	10-MAR-23	5062	Completed Successfully	3504207158	ANNAPURNA AGRO & INDUSTRIES	9425164109	seemadubeywarehouse@gmail.com	5062	
OFFER FEES	OTHERDCARD	DUK6294367	10-MAR-23	2886	Completed Successfully	2605181084	RAVEE WAREHOUSE	9669578652	SAJALRKTIWARI@GMAIL.COM	2886	OFFER FEES RAVI WAREHOUSE
OFFER FEES	NETBANKING	DUK6294854	10-MAR-23	6088	Completed Successfully	3005203869	Manish	8989120033	mnahar@rediffmail.com	6088	Offer Fees 2324
OFFER FEES	OTHERDCARD	DUK6294834	10-MAR-23	4922	Completed Successfully	260518969	ANANDA GATTANI	8085256256	ananda6903@gmail.com	4922	offer fee
REGISTRATION FEE	NETBANKING	DUK6294778	10-MAR-23	1326	Completed Successfully	3005208602	DEEKSHA PATEL	7987616281	vyomchoudhary888@gmail.com	1326	Registration Fee
OFFER FEES	NETBANKING	DUK6295454	10-MAR-23	4500	Completed Successfully	3001204660	ISHA WAREHOUSE	7022946555	arusoni.189@gmail.com	4500	Offer Fees
REGISTRATION FEE	NETBANKING	DUK6295661	10-MAR-23	2242	Completed Successfully	0502208599	SHASHICHANDRA WAREHOUSE PROP PRIYANKA BHARDWAJ	8770888267	vb161093@gmail.com	2242	
OFFER FEES	NETBANKING	DUK6295298	10-MAR-23	3314	Completed Successfully	3005208602	DEEKSHA PATEL	7987616281	vyomchoudhary888@gmail.com	3314	Offer Fee
OFFER FEES	SBDEBIT	DUK6295357	10-MAR-23	1641	Completed Successfully	3405205439	Rasik Bihari Tiwari	9425469391	rasiktiwari08875@gmail.com	1641.00	offer fees
REGISTRATION FEE	BILLDESK	DUK6296038	10-MAR-23	2268	Completed Successfully	3004208603	raveena tanwani	9993902345	raveenatanwani@gmail.com	2268	
OFFER FEES	NETBANKING	DUK6296055	10-MAR-23	5606	Completed Successfully	0502208599	SHASHICHANDRA WAREHOUSE PROP PRIYANKA BHARDWAJ	8770888267	vb161093@gmail.com	5606	
OFFER FEES	OTHERDCARD	DUK6296238	10-MAR-23	1114	Completed Successfully	2802206321	RKKEWAT	9303133943	socialpradesh@gmail.com	1114	
OFFER FEES	NETBANKING	DUK6296296	10-MAR-23	5628	Completed Successfully	2601207723	ASHISH NAGAR	9993903507	shremangalam68@gmail.com	5628	
OFFER FEES	NETBANKING	DUK6296344	10-MAR-23	5569	Completed Successfully	214240013001	OM KAMTA WARE HOUSE	7379167119	amitajit1985@gmail.com	5569	
OFFER FEES	BILLDESK	DUK6296444	10-MAR-23	5709	Completed Successfully	3610208590	SAKUNTALA SAGAR PAWAR	8358880406	shivamindian25@gmail.com	5709	JVS OFFER FEES
OFFER FEES	BILLDESK	DUK6296193	10-MAR-23	5670	Completed Successfully	3004208603	raveena tanwani	9993902345	raveenatanwani@gmail.com	5670	
OFFER FEES	NETBANKING	DUK6296644	10-MAR-23	13580	Completed Successfully	3206192957	DILIP  PANCHAL	9009777767	asm77767@gmail.com	13580	cash
OFFER FEES	NETBANKING	DUK6296666	10-MAR-23	5568	Completed Successfully	3008207050	ASHWIN WAREHOUSE	9425784207	ashwinwarehouse@gmail.com	5568	Offer Fees 2023
OFFER FEES	NETBANKING	DUK6296426	10-MAR-23	962	Completed Successfully	0301204999	Smt. Bhuwan Yadav	6263483773	bhuwanyadavpahadi@gmail.com	962	OFFER
OFFER FEES	OTHERDCARD	DUK6296962	10-MAR-23	516	Completed Successfully	0104204058	SUDHA SIKARWAR	8435400210	bssikarwar983@gmail.com	516	WAREHOUSE OFFER FEES 2023
REGISTRATION FEE	NETBANKING	DUK6297252	10-MAR-23	2387	Completed Successfully	2702208504	Ruchi Choudhary	8269002730	neebfoods@gmail.com	2387	
OFFER FEES	NETBANKING	DUK6297164	10-MAR-23	4455	Completed Successfully	3102193345	ajay mishra	9425002337	amishra@betuloil.in	4455	offer fee
OFFER FEES	OTHERDCARD	DUK6297559	10-MAR-23	3064	Completed Successfully	0104192616	SUDHA SIKARWAR	8435400210	bssikarwar983@gmail.com	3064	WAREHOUSE OFFER FEES
OFFER FEES	SBDEBIT	DUK6297337	10-MAR-23	4519	Completed Successfully	3207204005	Mahesh Nagar	926921222	maheshnagar2009@gmail.com	4519	
OFFER FEES	NETBANKING	DUK6297666	10-MAR-23	4455	Completed Successfully	3102193346	ajay mishra	9425002377	amishra@betuloil.com	4455	offer fee
OFFER FEES	NETBANKING	DUK6297400	10-MAR-23	2835	Completed Successfully	3504181305	PUSHPA WAREHOUSE	9893761922	housepushpaware@gmail.com	2835	
OFFER FEES	NETBANKING	DUK6298064	10-MAR-23	5697	Completed Successfully	2702208504	Ruchi Choudhary	8269002730	neebfoods@gmail.com	5697	
REGISTRATION FEE	NETBANKING	DUK6298170	10-MAR-23	2265	Completed Successfully	3008208606	PRITI THAKUR	8959458301	shaktithakur9981@gmail.com	2265	Registration Fee
OFFER FEES	NETBANKING	DUK6298186	10-MAR-23	3675	Completed Successfully	240518889	Shree Vinayak Warehouse	9826511192	vishalsharma1806@gmail.com	3675	ok
OFFER FEES	OTHERDCARD	DUK6298245	10-MAR-23	4766	Completed Successfully	3404207787	vijeet bhattar	9893803555	vijeet_pip@yahoo.com	4766	offer fees
OFFER FEES	BILLDESK	DUK6298451	10-MAR-23	4271	Completed Successfully	260818984	AARTI GOUR	9827662211	meghdeep.gour@gmail.com	4271	OFFER FEE
REGISTRATION FEE	SBDEBIT	DUK6298693	10-MAR-23	1595	Completed Successfully	0801208605	Soni Panwar	8109222057	sharma.soni4499@gmail.com	1595.00	REGISTRATION FEE
OFFER FEES	OTHERDCARD	DUK6298349	10-MAR-23	2808	Completed Successfully	190918620	Sunil vergadia	9977777289	maaambikakisankendra@yahoo.com	2808	Two thousand eight hundred eight rupees
OFFER FEES	SBDEBIT	DUK6298412	10-MAR-23	5795	Completed Successfully	1606206860	GITANJALI WAREHOUSE	9893841375	choudharymarketingmds@gmail.com	5795	jv scheme offer fees
OFFER FEES	NETBANKING	DUK6298757	10-MAR-23	3375	Completed Successfully	3504208047	PUSHPA STORAGE	9893761922	pushpastoragenainpur@gmail.com	3375	
OFFER FEES	NETBANKING	DUK6298884	10-MAR-23	5550	Completed Successfully	2701203964	MULTI COMMODITY WAREHOUSING AND LOGISTICS CORPORATION	9425432034	rr_investment@yahoo.co.in	5550	OFFER FEES
OFFER FEES	SBDEBIT	DUK6298622	10-MAR-23	5596	Completed Successfully	3207207175	Mahesh Nagar	926921222	maheshnagar2009@gmail.com	5596	
REGISTRATION FEE	BILLDESK	DUK6299058	10-MAR-23	1386	Completed Successfully	1909208239	MALWA BEEJ	9098664665	MALWABEEJ8@GMAIL.COM	1386	REGISTRAION FEE
REGISTRATION FEE	NETBANKING	DUK6299103	10-MAR-23	1354	Completed Successfully	3102208607	DEEPAK CHOURE	7694910690	chouredc@gmail.com	1354	ragistration
REGISTRATION FEE	NETBANKING	DUK6299240	10-MAR-23	2368	Completed Successfully	2702208502	Ruchi Choudhary	8269002730	choudharyruchipatel@gmail.com	2368	
OFFER FEES	SBDEBIT	DUK6299157	10-MAR-23	3987	Completed Successfully	0801208605	Shree King Warehouse	8109222057	sharma.soni4499@gmail.com	3987.00	Offer Fee
OFFER FEES	BILLDESK	DUK6299147	10-MAR-23	1004	Completed Successfully	2401205190	Aadim Jati Seva Sahakari Sanstha Katargaon	9752255431	devkaranmalviya123@gmail.com	1004.00	
OFFER FEES	NETBANKING	DUK6299020	10-MAR-23	5662	Completed Successfully	3008208606	PRITI THAKUR	8959458301	shaktithakur9981@gmail.com	5662	Offer fee
OFFER FEES	NETBANKING	DUK6299023	10-MAR-23	1361	Completed Successfully	2701207258	MULTI COMMODITY WAREHOUSING AND LOGISTICS CORPORATION UNIT 2	7771869984	rr_investment@yahoo.co.in	1361	OFFER FEES
OFFER FEES	NETBANKING	DUK6299219	10-MAR-23	3386	Completed Successfully	3102208607	deepak choure	7694910690	chouredc@gmail.com	3386	offer fee
OFFER FEES	BILLDESK	DUK6299351	10-MAR-23	1975	Completed Successfully	2301204545	SHRI BALAJI WAREHOUSE	7999817536	ASNCHHATARPUR@GMAIL.COM	1975	
OFFER FEES	BILLDESK	DUK6299420	10-MAR-23	4676	Completed Successfully	2701205874	renu shrivastava	9425463465	brajesh.dubey1375@gmail.com	4676	
REGISTRATION FEE	NETBANKING	DUK6299581	10-MAR-23	1500	Completed Successfully	2701208596	TS CHOUKSEY WAREHOUSE UNIT-II	7000154446	AYUSHICHOUKSET1176@GMAIL.COM	1500	registration fees
OFFER FEES	NETBANKING	DUK6299412	10-MAR-23	5919	Completed Successfully	2702208502	Ruchi Choudhary	7737123515	choudharyruchipatel@gmail.com	5919	
OFFER FEES	NETBANKING	DUK6300061	10-MAR-23	4044	Completed Successfully	0701192863	SHANTI INFRA AGRO	9425111099	r4rahulgupta1983@yahoo.com	4044	Offer fee
OFFER FEES	NETBANKING	DUK6300089	10-MAR-23	5794	Completed Successfully	4204207567	SHREE GURU KRIPA WAREHOUSE 1	8269730483	shelesh_pandey@rediffmail.com	5794	OFFER FEES
OFFER FEES	OTHERDCARD	DUK6300213	10-MAR-23	5712	Completed Successfully	3404181185	vijeet bhattar	9893803555	vijeet_pip@yahoo.com	5712	offer fees
REGISTRATION FEE	BILLDESK	DUK6300335	10-MAR-23	663	Completed Successfully	1909208608	MANGLA GAUR	9179295896	gaurjayantsingh92@gmail.com	663	
OFFER FEES	NETBANKING	DUK6300661	10-MAR-23	4311	Completed Successfully	4402206515	MANNA LAL DASHORA	7999629098	mannalaldashora@gmail.com	4311	Offer Fees
OFFER FEES	NETBANKING	DUK6300508	10-MAR-23	5805	Completed Successfully	3502207165	H S GRAWAL WAREHOUSE	7987552248	hsgrewalwarehouse@gmail.com	5805	
REGISTRATION FEE	OTHERDCARD	DUK6300557	10-MAR-23	837	Completed Successfully	1901208610	BRIJBALA GOTHWAL KLPVING ECOSOTRAGES	9770724551	gothwalp@gmail.com	837	
OFFER FEES	NETBANKING	DUK6300562	10-MAR-23	2148	Completed Successfully	300518075	ARVIND AGRAWAL	7415585396	martinandanaagro@gmail.com	2148	OFFER FEES
OFFER FEES	NETBANKING	DUK6300712	10-MAR-23	4588	Completed Successfully	3203205008	Narendra sharma	9425022021	bsparmar912@gmail.com	4588	
OFFER FEES	NETBANKING	DUK6301032	10-MAR-23	2022	Completed Successfully	0701204075	Shanti agro warehouse	9425111099	Shantiagrowarehuose@gmail.com	2022	Offer fee
REGISTRATION FEE	NETBANKING	DUK6300616	10-MAR-23	2729	Completed Successfully	1008208507	Neha Patel	8269002730	whitefieldwarehouse11@gmail.com	2729	
REGISTRATION FEE	NETBANKING	DUK6301091	10-MAR-23	2078	Completed Successfully	2001208613	LAV KUSH WAREHOUSING UNIT II	9425332776	lavkushwarehouse@gmail.com	2078	registration fees
OFFER FEES	OTHERDCARD	DUK6301174	10-MAR-23	2091	Completed Successfully	1901208610	BRIJBALA GOTHWAL KLPVING ECOSOTRAGES	9770724551	gothwalp@gmail.com	2091	
OFFER FEES	NETBANKING	DUK6300914	10-MAR-23	6387	Completed Successfully	3202206696	swadeshrani saluja	9752624124	salujatraders524@gmail.com	6387	offrer fees
OFFER FEES	NETBANKING	DUK6301273	10-MAR-23	5625	Completed Successfully	27011819919	ADITYA WAREHOUSING CORPORATION	9827271611	niranganagrawalvidisha@gmail.com	5625	OFFER FEES
OFFER FEES	NETBANKING	DUK6301321	10-MAR-23	1125	Completed Successfully	3203206665	Narendra sharma	9425022021	nghcms1@gmail.com	1125	
OFFER FEES	NETBANKING	DUK6301009	10-MAR-23	6823	Completed Successfully	1008208507	Neha Patel	8269002730	whitefieldwarehouse11@gmail.com	6823	
OFFER FEES	NETBANKING	DUK6301444	10-MAR-23	5812	Completed Successfully	4204205987	SHREE GURU KRIPA WAREHOUSE	9438160483	shelesh.pandey@gmail.com	5812	OFFER FEES
OFFER FEES	BILLDESK	DUK6300970	10-MAR-23	3932	Completed Successfully	260618112	BHAGAWATI DEVELOPMENT SERVICES PVT LTD	9826333380	SENGAR_SAURABH@REDIFFMAIL.COM	3932	
OFFER FEES	SBDEBIT	DUK6301736	10-MAR-23	7350	Completed Successfully	1207207644	Mrs. MITHLESH KUMARI SHUKLA	9753323127	pnshuklamaihar@gmail.com	7350.00	OFFER FEES
OFFER FEES	BILLDESK	DUK6301718	10-MAR-23	6222	Completed Successfully	3103205419	AJAY SHARMA	9425003083	ajaysharma224343@gmail.com	6222	OFFER FEE
OFFER FEES	BRANCH	DUK6266489	10-MAR-23	5633	Completed Successfully	2709207587	ARTI JAIN	9343489040	shriji050422@gmail.com	5633	OFFER FEE
OFFER FEES	NETBANKING	DUK6302046	10-MAR-23	5194	Completed Successfully	2001208613	LAV KUSH WAREHOUSING UNIT II	9425332776	lavkushwarehouse@gmail.com	5194	OFFER FEES
OFFER FEES	BRANCH	DUK6266910	10-MAR-23	5606	Completed Successfully	2706207571	NANDANI JAIN	8518809319	shyam050422@gmail.com	5606	OFFER FEE
OFFER FEES	BILLDESK	DUK6302204	10-MAR-23	1658	Completed Successfully	1909208608	MANGLA GAUR	9179295896	gaurjayantsingh92@gmail.com	1658	OFFER FEES
OFFER FEES	BRANCH	DUK6267095	10-MAR-23	5620	Completed Successfully	2703207581	NIHARIKA JAIN	9424456877	97131.apoorv@gmail.com	5620	OFFER FEE
OFFER FEES	CREDITCARD	DUK6302361	10-MAR-23	6872	Completed Successfully	0907207955	ASHOK KUMAR DUBEY	8839161197	ud0411dubey92@gmail.com	6872	6872
OFFER FEES	BILLDESK	DUK6302664	10-MAR-23	3932	Completed Successfully	2606181941	BHAGAWATI DEVELOPMENT SERVICES PVT LTD	9826333380	s.singh@bdspl.com	3932	
OFFER FEES	OTHERDCARD	DUK6302717	10-MAR-23	4594	Completed Successfully	2906206954	REWA WAREHOUSE	9893345013	anshu.moile123@gmail.com	4594	OK
OFFER FEES	NETBANKING	DUK6302409	10-MAR-23	4600	Completed Successfully	3701207525	SANDHYA SANODIYA	9424967079	sanjaysanodiya379@gmail.com	4600	for offer fees
OFFER FEES	BILLDESK	DUK6302699	10-MAR-23	5681	Completed Successfully	2710205555	VASUNDHARA KATARIYA	9827296965	rajshreesingh148@gmail.com	5681	
OFFER FEES	NETBANKING	DUK6302526	10-MAR-23	3299	Completed Successfully	0508205937	ANKITA JAIN	9763088850	sukkujain@gmail.com	3299	mpwlc-jvs scheme 2023-24 offer fee
REGISTRATION FEE	NETBANKING	DUK6302749	10-MAR-23	2161	Completed Successfully	3306208614	Jyoti Tiwari	9826307301	tmegha17@gmail.com	2161	Registration
REGISTRATION FEE	BILLDESK	DUK6302464	10-MAR-23	2385	Completed Successfully	1002208509	Samiksha Kurmi	9425452762	futureagro10@gmail.com	2385	
OFFER FEES	NETBANKING	DUK6303320	10-MAR-23	5400	Completed Successfully	3306208614	Jyoti Tiwari	9826307301	tmegha17@gmail.com	5400	offer
OFFER FEES	BILLDESK	DUK6303004	10-MAR-23	5730	Completed Successfully	3609208573	SUSHILA SAHU	9407025558	niteshsahu5558@gmail.com	5730	offer fees
OFFER FEES	SBDEBIT	DUK6303187	10-MAR-23	4050	Completed Successfully	3306204041	JYOTI TIWARI	9826307301	arpittiwari.tiwari2@gmail.com	4050.00	OFFER FEES
REGISTRATION FEE	OTHERDCARD	DUK6303223	10-MAR-23	1600	Completed Successfully	1901208601	REKHA THAKUR	8085073860	thakurvijay365@gmail.com	1600	BALVEER WAREHOUSE DUPADA
OFFER FEES	CREDITCARD	DUK6303389	10-MAR-23	5713	Completed Successfully	0907207544	MAYA GAUTAM	9131200001	manojgautam94253@gmail.com	5713	5713
OFFER FEES	BILLDESK	DUK6303195	10-MAR-23	5962	Completed Successfully	1002208509	Samiksha Kurmi	9425452762	futureagro10@gmail.com	5962	
OFFER FEES	NETBANKING	DUK6303587	10-MAR-23	2048	Completed Successfully	0904207858	RAGHAVENDRA RAJ MODI	7509212121	modiraj.1292@gmail.com	2048	OFFER FEE
OFFER FEES	NETBANKING	DUK6304042	10-MAR-23	51850	Completed Successfully	1805205471	KALYAN EXPRESS WAREHOUSE	9425319135	SHREERAMANDCOCS@GMAIL.COM	51850	2023-24
OFFER FEES	NETBANKING	DUK6303734	10-MAR-23	2869	Completed Successfully	0903207238	BATA BAI BAGRI	8435274140	ramkaranbagri1970@gmail.com	2869	ok
OFFER FEES	SBDEBIT	DUK6304095	10-MAR-23	5987	Completed Successfully	2501204399	PANNALAL AWASTHI	9424857771	pannalalawsthi041058@gmail.com	5987.00	Warehouse offer fees
OFFER FEES	NETBANKING	DUK6303986	10-MAR-23	3750	Completed Successfully	2701208596	TS CHOUKSEY WAREHOUSE UNIT-II	7000154446	AYUSHICHOUKSET9176@GMAIL.COM	3750	offer fees
OFFER FEES	NETBANKING	DUK6303704	10-MAR-23	5748	Completed Successfully	0802206509	AARTI SODHANI	9826055331	rameshwarwarehouse01@gmail.com	5748	
OFFER FEES	OTHERDCARD	DUK6304239	10-MAR-23	4000	Completed Successfully	1901208601	REKHA THAKUR	8085073860	thakurvijay365@gmail.com	4000	BALVEER WAREHOUSE DUPADA SHAJAPUR
OFFER FEES	NETBANKING	DUK6304473	10-MAR-23	3825	Completed Successfully	2706207468	RANI BAI	7697151731	shailendradangi90@gmail.com	3825	SHREE VENKETESHWAR WAREHOUSE
OFFER FEES	NETBANKING	DUK6304489	10-MAR-23	5074	Completed Successfully	2409206380	Mamta Warehouse	9424534488	avinashplywood@gmail.com	5074	ok
OFFER FEES	BILLDESK	DUK6304282	10-MAR-23	5812	Completed Successfully	3008203713	RAJNI RAI	8109207488	pavanpatel1610@gmail.com	5812	L N OFFER FEE
REGISTRATION FEE	NETBANKING	DUK6304297	10-MAR-23	2662	Completed Successfully	1002208512	geeta bai	8269002730	SHREESURAT10@gmail.com	2662	
OFFER FEES	NETBANKING	DUK6304712	10-MAR-23	6195	Completed Successfully	2605203846	SAMARTHAN WAREHOUSE	8871348030	jaideepnagpal4@gmail.com	6195	offer fees
OFFER FEES	NETBANKING	DUK6304535	10-MAR-23	1500	Completed Successfully	3701205534	DIPENDRA SINGH RAJPUT	8516000774	deependrarajpoot85@gmail.com	1500	for offer fees
REGISTRATION FEE	SBDEBIT	DUK6304376	10-MAR-23	1123	Completed Successfully	1007208609	SANDEEP KUMAR JAIN	9425171055	sandeepjain576@gmail.com	1123	Registration Fee
OFFER FEES	BILLDESK	DUK6304834	10-MAR-23	5646	Completed Successfully	3601208575	ANITA SAHU	9407451390	dadasaicwa@gmail.com	5646	offer fees
REGISTRATION FEE	NETBANKING	DUK6305045	10-MAR-23	2173	Completed Successfully	4402208618	MEENAKSHI GOYAL	9425441149	halchal33@gmail.com	2173	Registration Fees
OFFER FEES	NETBANKING	DUK6305069	10-MAR-23	5074	Completed Successfully	2409206383	Manisha Warehouse	9407196560	manisha2hello@gmail.com	5074	ok
OFFER FEES	NETBANKING	DUK6305055	10-MAR-23	6656	Completed Successfully	1002208512	Geeta Bai	8269002730	SHREESURAT10@gmail.com	6656	
OFFER FEES	NETBANKING	DUK6305271	10-MAR-23	3106	Completed Successfully	3305181161	Sushila Shukla	9993212297	shuklaagrowareouseing3@gmail.com	3106	Offer
REGISTRATION FEE	NETBANKING	DUK6305313	10-MAR-23	2326	Completed Successfully	3203208616	MANOHARI BAI	9981857012	balajiwarehousemnd2022@gmail.com	2326.00	
REGISTRATION FEE	NETBANKING	DUK6305155	10-MAR-23	760	Completed Successfully	0309192849	SHRI SAI WAREHOUSE	9131998441	yashvardhan26@gmail.com	760.00	Submitted
REGISTRATION FEE	NETBANKING	DUK6305206	10-MAR-23	1575	Completed Successfully	3604208619	MANISH KUMAR SAHU	7974004050	manishsahu414111@gmail.com	1575	FOR REGISTRATON FEES
REGISTRATION FEE	NETBANKING	DUK6305392	10-MAR-23	1326	Completed Successfully	3005208623	MAYA CHOUHAN	9617744147	choudharyshivam7777@gmail.com	1326	Registration Fee
OFFER FEES	NETBANKING	DUK6305477	10-MAR-23	5074	Completed Successfully	2409206381	Archana Warehouse	9479687184	mahajanb69@gmail.com	5074	ok
OFFER FEES	NETBANKING	DUK6305492	10-MAR-23	3675	Completed Successfully	060718216	VISHNU BHAI JOBANPUTRA	9754042687	vishnujobanputra@yahoo.com	3675	Offer Fees
OFFER FEES	NETBANKING	DUK6305553	10-MAR-23	3314	Completed Successfully	3005208623	MAYA CHOUHAN	9617744147	choudharyshivam7777@gmail.com	3314	OFFER FEE
OFFER FEES	NETBANKING	DUK6305697	10-MAR-23	5433	Completed Successfully	4402208618	MEENAKSHI GOYAL	9425441149	halchal33@gmail.com	5433	Ofeer Fees JVS
REGISTRATION FEE	OTHERDCARD	DUK6305717	10-MAR-23	837	Completed Successfully	1901208624	KALPANA GOTHWAL KALPVING WAREHOUSE	9893480444	gothwalprachi05@gmail.com	837	
REGISTRATION FEE	NETBANKING	DUK6305863	10-MAR-23	1549	Completed Successfully	1901208620	SHREE MANDLOI WAREHOUSING	9752886067	MANDLOIN481@GMAIL.COM	1549	1549
OFFER FEES	NETBANKING	DUK6305569	10-MAR-23	5816	Completed Successfully	3203208616	MANOHARI BAI	9981857012	balajiwarehousemnd2022@gmail.com	5816	
OFFER FEES	CREDITCARD	DUK6305382	10-MAR-23	5700	Completed Successfully	2901206982	RUMA PATIDAR	8878702202	PATIDARRUMA81@GMAIL.COM	5700	vinayak warehouse
OFFER FEES	BILLDESK	DUK6305748	10-MAR-23	5361	Completed Successfully	3601208572	PHUL BAI	8815228640	rdwarehousecwa@gmail.com	5361	offer fees
OFFER FEES	SBDEBIT	DUK6305912	10-MAR-23	2808	Completed Successfully	1007208609	SANDEEP KUMAR JAIN	9425171055	sandeepjain576@gmail.com	2808	Offer Fee
OFFER FEES	BRANCH	DUK6241430	10-MAR-23	1076	Completed Successfully	1104203622	PALAK WAREHOUSE	7898440671	aishwarya02rai@gmail.com	1076	OK
OFFER FEES	NETBANKING	DUK6306101	10-MAR-23	1898	Completed Successfully	0309192849	SHRI SAI WAREHOUSE	9131998441	yashvardhan26@gmail.com	1898.00	Submitted
OFFER FEES	SBDEBIT	DUK6305957	10-MAR-23	3375	Completed Successfully	2501207616	RASHMI AWASTHI	6265066424	Rashmiawasthi.19@gmail.com	3375.00	Warehouse Offer Fees
OFFER FEES	OTHERDCARD	DUK6306264	10-MAR-23	2091	Completed Successfully	1901208624	KALPANA GOTHWAL KALPVING WAREHOUSE	9893480444	gothwalprachi05@gmail.com	2091	
OFFER FEES	NETBANKING	DUK6305997	10-MAR-23	3872	Completed Successfully	1901208620	SHREE MANDLOI WAREHOUSING	9752886067	MANDLOIN481@GMAIL.COM	3872	3872
OFFER FEES	NETBANKING	DUK6306019	10-MAR-23	3938	Completed Successfully	3604208619	MANISH KUMAR SAHU	7974004050	manishsahu414111@gmail.com	3938	FOR OFFER FEES
OFFER FEES	OTHERDCARD	DUK6306016	10-MAR-23	1822	Completed Successfully	3102203906	yogesh purohit	9630091825	yogesh_purohit@ruchiinfrastructure.com	1822	BETUL SMALL CH
OFFER FEES	NETBANKING	DUK6306029	10-MAR-23	6823	Completed Successfully	1008207817	Vipin Patel	8269002730	2848256@gmail.com	6823	
OFFER FEES	NETBANKING	DUK6306470	10-MAR-23	18076	Completed Successfully	2706204767	VAIDEHI LOGISTICS AND ALLIED SERVICE	9425431900	Sharadbhargava50@gmail.com	18076	OFFER FEE
OFFER FEES	NETBANKING	DUK6306366	10-MAR-23	5787	Completed Successfully	1801205696	CHANDA DEVI CHOUHAN	9333333203	chouhanwh@gmail.com	5787	CHOUHAN WAREHOUSE
OFFER FEES	OTHERDCARD	DUK6306408	10-MAR-23	5438	Completed Successfully	0502203724	Shiv warehouse	9893322712	shivwarehouse2020@gmail.com	5438.00	Offer fees
OFFER FEES	NETBANKING	DUK6306532	10-MAR-23	5749	Completed Successfully	3002207180	ROHIT RAI	8109207488	yrai2921@gmail.com	5749	OFFER FEES
REGISTRATION FEE	BILLDESK	DUK6306769	10-MAR-23	2325	Completed Successfully	3003208626	VIKASH RAI	8109207488	pavanpatel1610@gmail.com	2325	SL RGISTRATION FEE
OFFER FEES	NETBANKING	DUK6306909	10-MAR-23	5581	Completed Successfully	3003206927	SHAILJA RAJPUT	7347700777	shriguruwarehousing@gmail.com	5581	Offer Fee
OFFER FEES	NETBANKING	DUK6306615	10-MAR-23	11046	Completed Successfully	3306192978	SMT.POONAM AGRAWAL	8109281092	rohit.1988.rj58@gmail.com	11046.00	l an d foods offer fees
OFFER FEES	OTHERDCARD	DUK6306910	10-MAR-23	1822	Completed Successfully	3601203935	yogesh purohit	9630091825	yogesh_purohit@ruchiinfrastructure.com	1822	CHHINDWARA SMALL CH
REGISTRATION FEE	OTHERDCARD	DUK6306766	10-MAR-23	790	Completed Successfully	1901192692	SUMAN JAIN	9425084746	gendmaljain@gmail.com	790	jain warehouse bay pass ab road barwal shajapur
OFFER FEES	OTHERDCARD	DUK6307049	10-MAR-23	2806	Completed Successfully	2906205426	MAA NARMDA WAREHOUSE	9098919969	anshu.moile123@gmail.com	2806	OK
OFFER FEES	BILLDESK	DUK6307105	10-MAR-23	5646	Completed Successfully	3601208576	MANJU BATRA	8878382382	batrawarehousecwa@gmail.com	5646	OFFER FEES
OFFER FEES	NETBANKING	DUK6307240	10-MAR-23	12750	Completed Successfully	2702205632	Neha Patel	8269002730	bpsportsindustry@gmail.com	12750	
OFFER FEES	NETBANKING	DUK6307140	10-MAR-23	5639	Completed Successfully	2702206864	SHREE GIRIRAJ WAREHOUSE	9425614787	7000575546@GMAIL.COM	5639	OFFER FEE
OFFER FEES	CREDITCARD	DUK6307118	10-MAR-23	5920	Completed Successfully	2802204586	SHASHI PATIDAR	8878702202	SANDEEP PATIDAR	5920	PRK WAREHOUSE
OFFER FEES	NETBANKING	DUK6307137	10-MAR-23	2718	Completed Successfully	3303204504	Shikha Jain	702779976	shikhavivek0102@gmail.co	2718	offer
OFFER FEES	BILLDESK	DUK6307332	10-MAR-23	5812	Completed Successfully	3003208626	VIKASH RAI	8109207488	pavanpatel1610@gmail.com	5812	S L OFFER FEE
OFFER FEES	NETBANKING	DUK6307186	10-MAR-23	5653	Completed Successfully	2801205392	VISHNU KHATRI	9425005041	vishnukhatri149@gmail.com	5653	
OFFER FEES	NETBANKING	DUK6307485	10-MAR-23	5616	Completed Successfully	3003206926	SHASHI PRABHA SINGH	9425393669	shriguruagriinfra@gmail.com	5616	Offer Fee
REGISTRATION FEE	NETBANKING	DUK6307865	10-MAR-23	1183	Completed Successfully	1005208627	KANCHAN CHOURASIYA	9300458588	kanchanchourasiyadamoh@gmail.com	1183	JVS RAGISTRATION FEES
OFFER FEES	NETBANKING	DUK6307693	10-MAR-23	6518	Completed Successfully	2404206497	Dhanlaxmi Warehouse	9424535209	sumitrmdal@gmail.com	6518	ok
OFFER FEES	NETBANKING	DUK6307840	10-MAR-23	5749	Completed Successfully	3005207098	SITARAM RAI	8109207488	yrai2921@gmail.com	5749	OFFER PAYMENT LN AGRO LOGISTICS
OFFER FEES	NETBANKING	DUK6307880	10-MAR-23	5	Completed Successfully	3303204504	Shikha Jain	7024779976	shikhavivek0102@gmail.co	5	offer
OFFER FEES	OTHERDCARD	DUK6307566	10-MAR-23	1818	Completed Successfully	3701204379	yogesh purohit	9630091825	yogesh_purohit@ruchiinfrastructure.com	1818	SEONI SMALL CH
OFFER FEES	NETBANKING	DUK6307976	10-MAR-23	5628	Completed Successfully	3703207714	TANISHQ WAREHOUSE	8770689216	ABHINAVMALOO@GMAIL.COM	5628	
OFFER FEES	NETBANKING	DUK6307631	10-MAR-23	5698	Completed Successfully	2701205692	Sakshi Kurmi	8269002730	vipinpatel12345@gmail.com	5698	
OFFER FEES	CREDITCARD	DUK6307789	10-MAR-23	5794	Completed Successfully	2504207785	Janki Devi	7415367562	jankideviparihar.1946@gmail.com	5794	
OFFER FEES	NETBANKING	DUK6307821	10-MAR-23	5587	Completed Successfully	3006204893	DIVYA RAJPUT	7828385401	ramendra.rajput777@gmail.com	5587	Offer Fee
OFFER FEES	NETBANKING	DUK6307739	10-MAR-23	2025	Completed Successfully	3502206171	DUBEY WAREHOUSE	6260460335	dubeygwarawarehouse@gmail.com	2025	
OFFER FEES	OTHERDCARD	DUK6307829	10-MAR-23	4998	Completed Successfully	2601207745	BHARAT WAREHOUSE	9827601942	bharatsinghmukhtayar@gmail.com	4998	offer 2023 2024
OFFER FEES	NETBANKING	DUK6308019	10-MAR-23	1898	Completed Successfully	0301204813	NEW HARSHAN WAREHOUSE	9407212933	warehouseharshan@gmail.com	1898.00	submitted
OFFER FEES	BILLDESK	DUK6308002	10-MAR-23	28200	Completed Successfully	300218009	Space Warehousing	8889565111	spacewarehousing@gmail.com	28200	JV OFFER FEE
REGISTRATION FEE	NETBANKING	DUK6308460	10-MAR-23	882	Completed Successfully	2701203564	RAVI WAREHOUSING COMPNY	9425463687	ns7020992	882	REGISTRATION FEE
OFFER FEES	NETBANKING	DUK6308265	10-MAR-23	2956	Completed Successfully	1005208627	KANCHAN CHOURASIYA	9300458588	kanchanchourasiyadamoh@gmail.com	2956	JVS OFFER FEES
OFFER FEES	NETBANKING	DUK6308249	10-MAR-23	4931	Completed Successfully	0701207789	PARVATI WAREHOUSE	7000745754	AG382462@GMAIL.COM	4931	OFFER FEE
OFFER FEES	CREDITCARD	DUK6308275	10-MAR-23	5950	Completed Successfully	2802207021	KAILASH NARAYAN PATIDAR	8878702202	sandeeppatidar1@gmail.com	5950	shrivinayak warehouse
OFFER FEES	BILLDESK	DUK6308508	10-MAR-23	5633	Completed Successfully	3004207128	SEETARAM RAI	8109207488	pavanpatel1610@gmail.com	5633	OFFER FREE
OFFER FEES	NETBANKING	DUK6308555	10-MAR-23	2205	Completed Successfully	2701203564	RAVI WAREHOUSING COMPNY	9425463687	ns7020992@GMAIL.COM	2205	OFFER FEE
OFFER FEES	NETBANKING	DUK6308181	10-MAR-23	5475	Completed Successfully	5103204630	MANOHAR SINGH ANAJAN	9425092649	bapuwarehousing@gmail.com	5475	BAPU WAREHOUSING
OFFER FEES	NETBANKING	DUK6308614	10-MAR-23	5627	Completed Successfully	3304208061	SEEMA SAHAJWANI	7722844666	gulshansahajwani@gmail.com	5627	OFFER FEES
OFFER FEES	NETBANKING	DUK6308704	10-MAR-23	5623	Completed Successfully	3005206930	DEEKSHA RAJPUT	8103292728	gaganwadashrivijay@gmail.com	5623	Offer Fee
OFFER FEES	BILLDESK	DUK6308427	10-MAR-23	5625	Completed Successfully	3701206068	SEEMA AGRAWAL	9424653481	aaishaagrawal07@gmail.com	5625	OFFER
OFFER FEES	NETBANKING	DUK6308692	10-MAR-23	2362	Completed Successfully	3306204509	SMT.POONAM AGRAWAL	8109281092	subodh.sdj@gmail.com	2362.00	
OFFER FEES	NETBANKING	DUK6308713	10-MAR-23	2350	Completed Successfully	2801207350	VISHNU KHATRI	9425005041	vasudhakhatri98@gmail.com	2350	
OFFER FEES	OTHERDCARD	DUK6308631	10-MAR-23	5833	Completed Successfully	0502204265	MARUTINANDAN WAREHOUSE AND LOGISTICS CO.	9589143993	hargyan1964prajapati@gmail.com	5833	Offer Fees
OFFER FEES	BILLDESK	DUK6308755	10-MAR-23	5685	Completed Successfully	2801205943	SAROJ JAIN	9977404455	sarojwarehouse@gmail.com	5685	Offer Fees Saroj Warehouse
OFFER FEES	NETBANKING	DUK6308909	10-MAR-23	5979	Completed Successfully	3005205265	ROHIT RAI	8109207488	yrai2921@gmail.com	5979	OFFER PAYMENT SHRI LAXMINATH AGRO SERVICES
OFFER FEES	BILLDESK	DUK6308906	10-MAR-23	9555	Completed Successfully	3001204580	Space Warehousing Salamatpur Distt Raisen	888956511189565111	spacewarehousing@gmail.com	9555	MPWLC JV Offer fee 23-24 Salamatpur Rsn
OFFER FEES	NETBANKING	DUK6309098	10-MAR-23	5720	Completed Successfully	3303205700	CHOUDHARY ANUSUIYA	9111643903	evilboygourav@gmail.com	5720	offer
REGISTRATION FEE	NETBANKING	DUK6308936	10-MAR-23	1161	Completed Successfully	3204208630	PRAMOD ARORA	9977229500	arorawarehouse2023@gmail.com	1161	ARORA WAREHOUSING
OFFER FEES	NETBANKING	DUK6308605	10-MAR-23	8474	Completed Successfully	410118934	JP Agro complex	9425042007	sonubansal_2000@yahoo.com	8474	
REGISTRATION FEE	SBDEBIT	DUK6308892	10-MAR-23	1625	Completed Successfully	0204203504	Baba warehouse	9826237111	shivtomar280@gmail.com	1625.00	None
OFFER FEES	NETBANKING	DUK6309007	10-MAR-23	6769	Completed Successfully	1505193033	AASTHA WAREHOUSING CORPORATION	9425332921	ambeytraders3@gmail.com	6769	OFFER FEES
OFFER FEES	OTHERDCARD	DUK6309167	10-MAR-23	2812	Completed Successfully	1803205523	Neha Vyas	9826514367	mahakalwarehouse@gmail.com	2812	Offer Fee Submitted By Neha Vyas
OFFER FEES	NETBANKING	DUK6309190	10-MAR-23	5625	Completed Successfully	2908205566	SHRI MAHAKAL WAREHOUSE	7489408646	shrimahakalwarehouse@gmail.com	5625	SHRI MAHAKAL WAREHOUSE OFFER FEES
OFFER FEES	NETBANKING	DUK6309276	10-MAR-23	5623	Completed Successfully	3005206932	SHASHI BAI RAJPUT	9113714852	mehragaonudaigiri@gmail.com	5623	Offer Fee
OFFER FEES	NETBANKING	DUK6309490	10-MAR-23	5568	Completed Successfully	2409205918	Anavi Trading Warehouse	9926447375	natwarmahajan12@gmail.com	5568	ok
OFFER FEES	NETBANKING	DUK6309264	10-MAR-23	5605	Completed Successfully	3002203916	Neha Patel	8269002730	whitefieldwarehouse10@gmail.com	5605	
OFFER FEES	BILLDESK	DUK6309323	10-MAR-23	5644	Completed Successfully	3008203757	JYOTI MALVIY	8109207488	pavanpatel1610@gmail.com	5644	H S OFFER FEE
OFFER FEES	OTHERDCARD	DUK6309539	10-MAR-23	5586	Completed Successfully	1803206423	Shobha bhawasar	9713513419	manishbhawsar2802@gmail.com	5586	Offer fee submitted
OFFER FEES	NETBANKING	DUK6309559	10-MAR-23	2902	Completed Successfully	3204208630	PRAMOD ARORA	9977229500	arorawarehouse2023@gmail.com	2902	ARORA WAREHOUSING
OFFER FEES	SBDEBIT	DUK6309496	10-MAR-23	4055	Completed Successfully	0204203504	Baba warehouse	9826237111	shivtomar280@gmail.com	4055.00	None
OFFER FEES	OTHERDCARD	DUK6309591	10-MAR-23	2554	Completed Successfully	0502204844	Rajawat warehouse	9131844096	prembaghel1000@gmail.com	2554.00	Offer fees
REGISTRATION FEE	BILLDESK	DUK6309612	10-MAR-23	2258	Completed Successfully	3601208632	KALPANA JHARIYA	7771877114	sganeshwarehouse@gmail.com	2258	registration fees
OFFER FEES	NETBANKING	DUK6309331	10-MAR-23	5621	Completed Successfully	2006207160	POOJA PAWAR	7869008547	dharampanwar123@gmail.com	5621	offer fees
REGISTRATION FEE	NETBANKING	DUK6309619	10-MAR-23	1998	Completed Successfully	3207208633	NAVNEET DANGRA	9893311347	shreejiagrowarehouse@gmail.com	1998	REGISTRATION FEE
OFFER FEES	NETBANKING	DUK6309358	10-MAR-23	2563	Completed Successfully	3708208538	NASREEN BEGAM	9425898602	itsnasreenbegam@gmail.com	2563	FOOD G WH OFFER FEE
OFFER FEES	OTHERDCARD	DUK6309686	10-MAR-23	1522	Completed Successfully	2402203456	ASHOK KUMAR JAIN	9424091912	TARACOTTONFACTORY@GMAIL.COM	1522	
OFFER FEES	SBDEBIT	DUK6309674	10-MAR-23	5815	Completed Successfully	3006205544	Vandana raghuwanshi	8319370652	rraghukul1989@gmail.com	5815	offer fee
REGISTRATION FEE	BRANCH	DUK6295936	10-MAR-23	3750	Completed Successfully	2905208411	pushkar sharma	9111444455	dhanwantariwarehouse@gmail.com	3750	
OFFER FEES	NETBANKING	DUK6309404	10-MAR-23	797	Completed Successfully	3303203959	Chakresh Jain	7987333721	sandeshjain114@gmail.com	797	offer
OFFER FEES	NETBANKING	DUK6309758	10-MAR-23	2438	Completed Successfully	2605204022	BAJRANG WAREHOUSE	9893872098	sanichhabra@yahoo.com	2438	OFFER FEES
OFFER FEES	SBDEBIT	DUK6309961	10-MAR-23	5625	Completed Successfully	2902205543	Sushila Patidar	9993827842	ppatidar107@gmail.com	5625	Offer Fees
OFFER FEES	NETBANKING	DUK6309962	10-MAR-23	5605	Completed Successfully	3002203981	Harsha Patel	8269002730	expresswarehouse10@gmail.com	5605	
REGISTRATION FEE	OTHERDCARD	DUK6309966	10-MAR-23	2268	Completed Successfully	2801205463	SEETA DEVI WAREHOUSE	9575957583	umedjat95@gmail.com	2268	OFFER REGISTRATION FEES
OFFER FEES	BILLDESK	DUK6309776	10-MAR-23	5564	Completed Successfully	2801204803	ARTI MALVIYA	8889344442	artiwarehouse01@gmail.com	5564	OFFER FEES ARTI WAREHOUSE
OFFER FEES	NETBANKING	DUK6310069	10-MAR-23	4995	Completed Successfully	3207208633	NAVNEET DANGRA	9893311347	shreejiagrowarehouse@gmail.com	4995	OFFER FEE
OFFER FEES	NETBANKING	DUK6310003	10-MAR-23	5265	Completed Successfully	320418958	PRAMOD ARORA	9977229500	pramodawh@gmail.com	5265	YASHDEEP WAREHOUSING
OFFER FEES	NETBANKING	DUK6310005	10-MAR-23	5979	Completed Successfully	3005205286	JYOTI MALVIYA	8109207488	yrai2921@gmail.com	5979	OFFER PAYMENT SHRI LAXMINATH AGRO LOGISTICS
OFFER FEES	NETBANKING	DUK6310132	10-MAR-23	4359	Completed Successfully	2606204895	DHRUV WAREHOUSE	9425475565	shrisodani@gmail.com	4359	OFFER FEES
REGISTRATION FEE	NETBANKING	DUK6310471	10-MAR-23	1912	Completed Successfully	2905208611	DURGA PANWAR	9893430305	dharampanwar123@gmail.com	1912	reg
OFFER FEES	NETBANKING	DUK6309989	10-MAR-23	8705	Completed Successfully	4101181008	JAI PRAKASH WAREHOUSE	9425042007	sonubansal1208@gmail.com	8705	
OFFER FEES	BILLDESK	DUK6310299	10-MAR-23	5646	Completed Successfully	3601208632	KALPANA JHARIYA	7771877114	sganeshwarehouse@gmail.com	5646	offer fees
OFFER FEES	OTHERDCARD	DUK6310086	10-MAR-23	5670	Completed Successfully	3605208588	Tazalli fatima mansoori	9111586658	Mp.tendni.warehouse@gmail.com	5670	Offer fee 2023-24 tendni
OFFER FEES	CREDITCARD	DUK6310349	10-MAR-23	3995	Completed Successfully	1202181310	sai warehouse	9926399202	saiwarehousebarapatthar@gmail.com	3995.00	
OFFER FEES	NETBANKING	DUK6310180	10-MAR-23	5062	Completed Successfully	4207207997	USHA ANANDI WAREHOUSE	7566191919	sajal.rai2939@gmail.com	5062	OFFER FEES
OFFER FEES	BILLDESK	DUK6310184	10-MAR-23	3938	Completed Successfully	2701207030	preeti meena	8319084592	styam.meena@gmail.com	3938	
OFFER FEES	OTHERDCARD	DUK6310390	10-MAR-23	1976	Completed Successfully	1901192692	SUMAN JAIN	9425084746	gendmaljain@gmail.com	1976	jain warehouse by paas barwal AB road shajapur
OFFER FEES	NETBANKING	DUK6310415	10-MAR-23	5604	Completed Successfully	3306205184	SHIVANGI AGRAWAL	8109281092	rohit_0652@yahoo.in	5604.00	
OFFER FEES	NETBANKING	DUK6310529	10-MAR-23	5812	Completed Successfully	3008203662	KRISHNA MALPANI	8770809980	krishnamalpani38@gmail.com	5812	OFFER FEES
OFFER FEES	BILLDESK	DUK6310524	10-MAR-23	4782	Completed Successfully	2905208611	DURGA PANWAR	9893430305	dharampanwar123@gmail.com	4782	OFFER
OFFER FEES	NETBANKING	DUK6310641	10-MAR-23	5347	Completed Successfully	3204205927	PRAMOD ARORA	9977228500	pramodawh@yahoo.com	5347	YASHDEEP WAREHOUSING
OFFER FEES	BRANCH	DUK6299565	10-MAR-23	9375	Completed Successfully	2905208411	pushkar sharma	9111444455	dhanwantariwarehouse@gmail.com	9375	
OFFER FEES	OTHERDCARD	DUK6310550	10-MAR-23	2164	Completed Successfully	2801203879	ramit	9993419331	guptadr.ramit@gmail.com	2164	
OFFER FEES	NETBANKING	DUK6310853	10-MAR-23	5741	Completed Successfully	2606205598	SHREE RANGJI WAREHOUSE	7999568680	narayancompany21@gmail.com	5741	OFFER FEES
OFFER FEES	NETBANKING	DUK6310857	10-MAR-23	5639	Completed Successfully	2004207049	Maa narmada warehouse	9826502219	maanarmadawarehouse@gmail.com	5639	offer fees
REGISTRATION FEE	NETBANKING	DUK6310648	10-MAR-23	2385	Completed Successfully	3002208622	Neha Patel	8269002730	frnd.vinay@gmail.com	2385	
OFFER FEES	NETBANKING	DUK6310880	10-MAR-23	5156	Completed Successfully	300518171	KRISHNA MALPANI	8770809980	krishnamalpani38@gmail.com	5156	OFFER FEES
OFFER FEES	BILLDESK	DUK6310744	10-MAR-23	5679	Completed Successfully	2801207311	ARUNDHUTI SINGH RATHORE	8463896006	mskapidhwajwarehouse@gmail.com	5679	OFFER FEES MS KADHWAJ WAREHOUSE
OFFER FEES	NETBANKING	DUK6310938	10-MAR-23	4690	Completed Successfully	2503208054	kasturi treders	9425185292	kasturutreders@gmail.com	4690.00	
OFFER FEES	SBDEBIT	DUK6310624	10-MAR-23	5750	Completed Successfully	3006206969	Rambai raghuwanshi	8319370652	raghukulwarehouse@gmail.com	5750	offer fee
REGISTRATION FEE	NETBANKING	DUK6310973	10-MAR-23	1985	Completed Successfully	3303208638	Mayuri Nema	9074746988	snehgovindwh@gmail.com	1985	Registration
OFFER FEES	SBDEBIT	DUK6311234	10-MAR-23	1772	Completed Successfully	1909206283	Madhusudan Ranasara	9425034656	vimalranasara@gmail.com	1772	JVS Offer Fee
OFFER FEES	OTHERDCARD	DUK6310741	10-MAR-23	4499	Completed Successfully	1102203934	yogesh purohit	9630091825	yogesh_purohit@ruchiinfrastructure.com	4499	GUNA BIG WAREHOUSE CH
OFFER FEES	NETBANKING	DUK6311138	10-MAR-23	5156	Completed Successfully	300818400	KRISHNA MALPANI	8770809980	krishnamalpani38@gmail.com	5156	OFFER FEES
REGISTRATION FEE	BRANCH	DUK6305573	10-MAR-23	2390	Completed Successfully	290618380	ANUPAM SHARMA	9300627706	dranupam_sharma@yahoo.com	2390	
REGISTRATION FEE	NETBANKING	DUK6311190	10-MAR-23	2249	Completed Successfully	3003208641	MANUJA RAJPUT	8120900777	shriguruls777@gmail.com	2249	Registration Fee
OFFER FEES	NETBANKING	DUK6311446	10-MAR-23	4955	Completed Successfully	3303208638	snehgovindwh@gmail.com	9074746988	snehgovindwh@gmail.com	4955	offer
REGISTRATION FEE	SBDEBIT	DUK6311184	10-MAR-23	2243	Completed Successfully	0803208640	Jai Shri Balaji Warehouse	9827622984	jaishreebalajiwarehousing@gmail.com	2243.00	Registration Fee
OFFER FEES	NETBANKING	DUK6311012	10-MAR-23	5962	Completed Successfully	3002208622	Neha Patel	8269002730	frnd.vinay@gmail.com	5962	
OFFER FEES	BRANCH	DUK6309844	10-MAR-23	5974	Completed Successfully	290618380	ANUPAM SHARMA	9300627706	dranupam_sharma@yahoo.com	5974	
OFFER FEES	OTHERDCARD	DUK6311216	10-MAR-23	5486	Completed Successfully	0505204766	Sagar sikarwar	9584056984	sagarsikarwar1@gmail.com	5486.00	
OFFER FEES	NETBANKING	DUK6311346	10-MAR-23	5749	Completed Successfully	3005207135	YASH RAI	8109207488	yrai2921@gmail.com	5749	OFFER FEE PAYMENT LN AGRO INFRASTRUCTURE
REGISTRATION FEE	NETBANKING	DUK6311393	10-MAR-23	1800	Completed Successfully	2905208600	MANISHA PANWAR	9926769191	ram.panwar87@yahoo.in	1800	reg
REGISTRATION FEE	NETBANKING	DUK6311694	10-MAR-23	1462	Completed Successfully	4004208635	RAJKUMARI WAREHOUSE	9425126004	rajkumaribadoriya20@gmail.com	1462	ok
REGISTRATION FEE	BILLDESK	DUK6311389	10-MAR-23	2686	Completed Successfully	3006208642	rama raghuwanshi	9893277655	pavanpatel1610@gmail.com	2686	reg fee shrinidhi
OFFER FEES	NETBANKING	DUK6311716	10-MAR-23	5623	Completed Successfully	3003208641	MANUJA RAJPUT	8120900777	shriguruls777@gmail.com	5623	OFFER FEE
OFFER FEES	NETBANKING	DUK6311767	10-MAR-23	2026	Completed Successfully	300818212	KRISHNA MALPANI	8770809980	krishnamalpani38@gmail.com	2026	OFFER FEES
OFFER FEES	BILLDESK	DUK6311582	10-MAR-23	4500	Completed Successfully	2905208600	MANISHA PANWAR	9425669191	ram.panwar87@yahoo.in	4500	OFFER
OFFER FEES	NETBANKING	DUK6311886	10-MAR-23	3997	Completed Successfully	0204207792	Dharmendra singh Tomar	9584736876	dharmendrapratap83@gmail.com	3997	
OFFER FEES	SBDEBIT	DUK6312244	10-MAR-23	5608	Completed Successfully	0803208640	Jai Shri Balaji Warehouse	9827622984	jaishreebalajiwarehousing@gmail.com	5608.00	Offer Fee
OFFER FEES	NETBANKING	DUK6312254	10-MAR-23	7410	Completed Successfully	0801206463	HEMLATA AGRAWAL	9425060675	mayur21agrawal@gmail.com	7410	OFFER FEES FOR HM WAREHOUSE OF 7410 RS FOR 7410MT
OFFER FEES	SBDEBIT	DUK6312116	10-MAR-23	5981	Completed Successfully	3004207850	MEKALSUTA WAREHOUSE	9425019067	amitfruit@yahoo.com	5981	OFFER FEES
OFFER FEES	NETBANKING	DUK6311958	10-MAR-23	2686	Completed Successfully	3302207768	Sujata Mishra	9301408012	mahavirwh@gmail.com	2686	offer
REGISTRATION FEE	BILLDESK	DUK6312163	10-MAR-23	2645	Completed Successfully	2801208628	LATA GURJAR	7000922194	adityagurjar017771@gmail.com	2645	REGISTRATION FEE GRG WAREHOUSE
OFFER FEES	SBDEBIT	DUK6312295	10-MAR-23	1875	Completed Successfully	190918179	Madhusudan Ranasara	9425034656	vimalranasara@gmail.com	1875	JVS Offer Fee
OFFER FEES	BILLDESK	DUK6312194	10-MAR-23	6715	Completed Successfully	3006208642	rama raghuwanshi	9893277655	pavanpatel1610@gmail.com	6715	shrinidhi offer fee
OFFER FEES	NETBANKING	DUK6311994	10-MAR-23	3656	Completed Successfully	4004208635	RAJKUMARI WAREHOUSE	9425126004	rajkumaribadoriya20@gmail.com	3656	ok
OFFER FEES	NETBANKING	DUK6312176	10-MAR-23	5605	Completed Successfully	3002203619	Varsha Patel	8269002730	vipinpatel302@gmail.com	5605	
OFFER FEES	NETBANKING	DUK6312484	10-MAR-23	5965	Completed Successfully	270618741	KRISHNA MOHAN AGARWAL	9826249359	krishnamohanagarwal672@gmail.com	5965	OFFER FEES BHARAT WAREHOUSE
REGISTRATION FEE	NETBANKING	DUK6312494	10-MAR-23	1843	Completed Successfully	1805208644	JYOTI BALA BHATT	8770882042	rahulbhatt2710@gmail.com	1843	SHRI NARAYAN WAREHOUSE
REGISTRATION FEE	OTHERDCARD	DUK6312840	10-MAR-23	2189	Completed Successfully	2801208645	SANTOSH KUMAR DHAKAD	9406512704	cfspd7960r@gmail.com	2189	SHIV WAREHOUSE REGISTRATION FEES
OFFER FEES	SBDEBIT	DUK6312528	10-MAR-23	1710	Completed Successfully	3502193244	Mrs. Jay Shri Sahu	9425484307	aajaysahu84307@gmail.com	1710.00	Warehouse Offer fees
OFFER FEES	BILLDESK	DUK6312888	10-MAR-23	6609	Completed Successfully	2801208628	LATA GURJAR	7000922194	adityagurjar017771@gmail.com	6609	OFFER FEES GRG WAREHOUSE
REGISTRATION FEE	NETBANKING	DUK6312733	10-MAR-23	2250	Completed Successfully	3004208646	ARTI BHARGAVA  MAA BHAGWATI WAREHOUSE	9752755137	vikas.sistec@gmail.com	2250	registration fees
OFFER FEES	OTHERDCARD	DUK6312922	10-MAR-23	5473	Completed Successfully	0505204765	Neelesh Sikarwar	9425137652	neeleshsikarwar6@gmal.com	5473.00	
OFFER FEES	NETBANKING	DUK6313073	10-MAR-23	5698	Completed Successfully	2709205677	Pushpa Kurmi	8269002730	web.sonisonia@gmail.com	5698	
OFFER FEES	NETBANKING	DUK6312990	10-MAR-23	5963	Completed Successfully	2404192953	Rajeshree Warehousing	9425088715	rcotfibers@gmail.com	5963	ok
OFFER FEES	NETBANKING	DUK6312824	10-MAR-23	4504	Completed Successfully	3008206620	SAROJ BAI LODHI	9981015248	nileshlodhi0065@gmail.com	4504	Offer Fee
OFFER FEES	OTHERDCARD	DUK6313168	10-MAR-23	5775	Completed Successfully	290618090	ASHISH GUPTA	9893469610	ashishroop18@gmail.com	5775	MAA SHARDA WAREHOUSE,RAMGARHA
OFFER FEES	NETBANKING	DUK6313668	10-MAR-23	5002	Completed Successfully	2701207372	MAA AMBE WAREHOUSING COMPANY UNIT 4	9993191124	maaabehousingcokagpur@gmail.com	5002	OFFER FEE
OFFER FEES	OTHERDCARD	DUK6313665	10-MAR-23	7485	Completed Successfully	0202193136	KUSHAL KANSANA	9300022222	kushal_kansana@yahoo.in	7485	OFFER
OFFER FEES	NETBANKING	DUK6313601	10-MAR-23	2438	Completed Successfully	2404204518	Ratanlal And Sons Warehouse	7649010490	warehouserns@gmail.com	2438	ok
OFFER FEES	NETBANKING	DUK6313776	10-MAR-23	3375	Completed Successfully	2801208535	SHIV LOGISTICS UNIT 2	7389868906	kalpanameena15032002@gmail.com	3375	PAYMENT
OFFER FEES	NETBANKING	DUK6313778	10-MAR-23	5476	Completed Successfully	330618363	Rajeev Patel	9617511751	rajeevpachori75@gmail.com	5476	Offer
REGISTRATION FEE	OTHERDCARD	DUK6313760	10-MAR-23	884	Completed Successfully	3207208634	Mahesh Nagar	926921222	maheshnagar2009@gmail.com	884	
REGISTRATION FEE	NETBANKING	DUK6313815	10-MAR-23	1547	Completed Successfully	1206208647	PREMANSHU SINGH	8754692835	premanshusingh93@gmail.com	1547	
OFFER FEES	NETBANKING	DUK6314051	10-MAR-23	2953	Completed Successfully	3005192762	SAMPAT BAI	9981223291	NARMDAWLC@GMAIL.COM	2953	OFFER FEES
OFFER FEES	SBDEBIT	DUK6313429	10-MAR-23	5450	Completed Successfully	0201207786	Sandeep Singh Tomar	9926938490	sandeeptomar890@gmail.com	5450	
OFFER FEES	OTHERDCARD	DUK6314099	10-MAR-23	2210	Completed Successfully	3207208634	Mahesh Nagar	926921222	maheshnagar2009@gmail.com	2210	
OFFER FEES	NETBANKING	DUK6314277	10-MAR-23	4050	Completed Successfully	270318053	MOHAMMAD TOSEEF KHAN	9826655319	mohamadtosif@gmail.com	4050	AMANAT WAREHOUSE OFFER FEES
OFFER FEES	NETBANKING	DUK6314140	10-MAR-23	5021	Completed Successfully	2702205840	RADHAKISHAN LOGISTICS	9827018481	manojmotwani82031@gmail.com	5021	OFFER FEE
OFFER FEES	NETBANKING	DUK6314172	10-MAR-23	5625	Completed Successfully	3004208646	ARTI BHARGAVA MAA BHAGWATI WAREHOUSE	9752755137	vikas.sistec@gmail.com	5625	offer fees
OFFER FEES	NETBANKING	DUK6314314	10-MAR-23	6753	Completed Successfully	2008205101	SHRI NIWASA WAREHOUSING	9755587444	ggbiyani@gmail.com	6753	offer fee for jvs 2023-24
REGISTRATION FEE	NETBANKING	DUK6314655	10-MAR-23	453	Completed Successfully	3203208617	HEMANT AGRAWAL	9755261162	nikhilhemantagrawal123@gmail.com	453.00	
OFFER FEES	NETBANKING	DUK6314684	10-MAR-23	4219	Completed Successfully	270118359	kamesh goyal	9425431612	kameshgoyals@gmail.com	4219.00	king logi and allird ser offer fees paid
OFFER FEES	BILLDESK	DUK6315036	10-MAR-23	5454	Completed Successfully	2801205915	KASHISH FAROOQUI	9977404455	kashishwarehouse02@gmail.com	5454	OFFER FEES KASHISH WAREHOUSE UNIT TWO
OFFER FEES	OTHERDCARD	DUK6314847	10-MAR-23	5515	Completed Successfully	0804206039	MONICA BAKLIWAL	9630913003	dbakliwal71@gmail.com	5515	
OFFER FEES	OTHERDCARD	DUK6315255	10-MAR-23	5472	Completed Successfully	2801208645	SANTOSH KUMAR DHAKAD	9406512704	cfspd7960r@gmail.com	5472	PAYMENT FOR OFFER FEES OF SHIV WAREHOUSE
OFFER FEES	NETBANKING	DUK6315017	10-MAR-23	1133	Completed Successfully	3203208617	HEMANT AGRAWAL	9755261162	nikhilhemantagrawal123@gmail.com	1133.00	
OFFER FEES	BILLDESK	DUK6315400	10-MAR-23	5692	Completed Successfully	2801204802	KASHISH FAROOQUI	9977404455	kashishwarehouse01@gmail.com	5692	OFFER FEES KASHISH WAREHOUSE
OFFER FEES	OTHERDCARD	DUK6315705	10-MAR-23	5906	Completed Successfully	0402205956	Astha Warehouse	9425119583	asthawarehouse123@gmail.com	5906	Offer Fees
OFFER FEES	OTHERDCARD	DUK6315876	10-MAR-23	8967	Completed Successfully	2701206136	Vaibhav Laxmi Enterprises	9425014623	prochancellor@mpu.ac.in	8967	Offer Fee
OFFER FEES	BILLDESK	DUK6315797	10-MAR-23	5612	Completed Successfully	3702207944	SONAM KHANDELWAL	7000961896	mayur.khandelwal0805@gmail.com	5612	offer
REGISTRATION FEE	NETBANKING	DUK6316065	10-MAR-23	2100	Completed Successfully	2006208649	MAHESH BHARI	9926884448	neeraj.vrutti@gmail.com	2100	
OFFER FEES	NETBANKING	DUK6315984	10-MAR-23	1575	Completed Successfully	2008207626	Tirupati agro genetics	9111152000	tirupatiagrogen@gmail.com	1575	offer fee for jvs 2023-24
REGISTRATION FEE	OTHERDCARD	DUK6316076	10-MAR-23	876	Completed Successfully	3701181068	Abhilasha jain	9424174679	Njainniwas@gmail.com	876	Registration fees
OFFER FEES	NETBANKING	DUK6316107	10-MAR-23	4428	Completed Successfully	4101203555	NITIN AGRAWAL	9826214556	nitinagrawal85@gmail.com	4428	offer fees
OFFER FEES	BILLDESK	DUK6316452	10-MAR-23	4005	Completed Successfully	270818357	SURENDRA KUMAR CHOUKSEY	7000707100	amitglg@gmail.com	4005	
OFFER FEES	NETBANKING	DUK6316468	10-MAR-23	3038	Completed Successfully	3005204541	JITENDRA SINGH RAGHUWANSHI	9826977970	shribalajiwarehousingandagro@gmail.com	3038	OFFER FEES
REGISTRATION FEE	NETBANKING	DUK6316478	10-MAR-23	2290	Completed Successfully	2503208650	CAHNDRAPRABHA WAREHOUSE	9425185292	chandraprabhawarhouse@gmail.com	2290.00	
REGISTRATION FEE	NETBANKING	DUK6316483	10-MAR-23	1629	Completed Successfully	3007208651	ANITA RAGHUWANSHI	9893456255	maarewawarehousing2@gmail.com	1629	Registration fee
OFFER FEES	NETBANKING	DUK6316318	10-MAR-23	3980	Completed Successfully	1301204955	JAI AGRASEN AGROTECH	9827004402	khandwatyping1@gmail.com	3980	OFFER FEE
OFFER FEES	NETBANKING	DUK6316570	10-MAR-23	4073	Completed Successfully	3007208651	ANITA RAGHUWANSHI	9893456255	maarewawarehousing2@gmail.com	4073	Offer Fee
OFFER FEES	NETBANKING	DUK6316568	10-MAR-23	5720	Completed Successfully	2503208650	CAHNDRAPRABHA WAREHOUSE	9425185292	chandraprabhawarhouse@gmail.com	5720.00	
OFFER FEES	NETBANKING	DUK6316690	10-MAR-23	5250	Completed Successfully	2006208649	MAHESH BHARI	9926884448	neeraj.vrutti@gmail.com	5250	
REGISTRATION FEE	SBDEBIT	DUK6316689	10-MAR-23	2000	Completed Successfully	1603208629	Smt Nirmala Dua WO Deshraj Dua	9425327872	deshrajjiduwa@gmail.com	2000.00	
OFFER FEES	NETBANKING	DUK6316716	10-MAR-23	5460	Completed Successfully	3307207813	Vineeta Bai Avasthi	8770907293	pushprajwh@gmail.com	5460	offer
OFFER FEES	SBDEBIT	DUK6316734	10-MAR-23	3750	Completed Successfully	2906207114	Tarun Nagar	9993569220	nagartarun777@gmail.com	3750	Registration Fees
REGISTRATION FEE	SBDEBIT	DUK6316849	10-MAR-23	2292	Completed Successfully	2608208652	SNEHLATA GOUR	9617409487	gourml.et@gmail.com	2292	Registration Fee
OFFER FEES	NETBANKING	DUK6317084	10-MAR-23	5625	Completed Successfully	2403205955	Vishesh Agri Services Warehouse	9425087904	abhay.m62@gmail.com	5625	ok
OFFER FEES	NETBANKING	DUK6316615	10-MAR-23	5629	Completed Successfully	2008207633	SHRI VENKTESH WAREHOUSING	9893952006	info.biyanigroup@gmail.com	5629	offer fees for jvs 2023-24
OFFER FEES	NETBANKING	DUK6316885	10-MAR-23	2625	Completed Successfully	1301204046	SHRI KELA DEVI WAREHOUSING	9827004402	khandwatyping1@gmail.com	2625	OFFER  FEE
OFFER FEES	NETBANKING	DUK6317247	10-MAR-23	4012	Completed Successfully	4101203540	NITIN AGRAWAL	9926059816	sheetalseedshda@gmail.com	4012	offer fees
OFFER FEES	BILLDESK	DUK6317147	10-MAR-23	5612	Completed Successfully	3702207943	KIRAN AGRAWAL	7000978084	master8@gmail.com	5612	offer
OFFER FEES	NETBANKING	DUK6316917	10-MAR-23	2756	Completed Successfully	2311208555	harischandra asati	9713276792	ganpatibarehouse@gmail.com	2756	offer fees
OFFER FEES	SBDEBIT	DUK6317232	10-MAR-23	6189	Completed Successfully	1209205659	RENU NAVNEET MISHRA	9773527777	bhagwaticorporationkotar2021@gmail.com	6189.00	Warehouse offer fees
OFFER FEES	NETBANKING	DUK6316970	10-MAR-23	2516	Completed Successfully	2901208092	SANMATI WARE HOUSE AND LOGISTICS	9425762877	rishabhrkjain63@gmail.com	2516	OFFER
REGISTRATION FEE	OTHERDCARD	DUK6317306	10-MAR-23	772	Completed Successfully	3103192912	SUSHILA DEVI WAREHOUSE	9425440424	sushildeviwarehouse@gmail.com	772	payment towords registration fees
OFFER FEES	NETBANKING	DUK6316986	10-MAR-23	2995	Completed Successfully	0701203451	maa mansa devi state ware house	8370019601	amitgwl0751@gmail.com	2995	Offer Fees for 2023-24
OFFER FEES	SBDEBIT	DUK6317468	10-MAR-23	5000	Completed Successfully	1603208629	Smt Nirmala Dua WO Deshraj Dua	9425327872	deshrajjiduwa@gmail.com	5000.00	
OFFER FEES	SBDEBIT	DUK6317005	10-MAR-23	5730	Completed Successfully	2608208652	SNEHLATA GOUR	9617409487	gourml.et@gmail.com	5730	Offer Fee
REGISTRATION FEE	OTHERDCARD	DUK6317514	10-MAR-23	876	Completed Successfully	3701206441	Abhay jain	9424174679	Njainniwas@gmail.com	876	Registration fees
OFFER FEES	NETBANKING	DUK6317554	10-MAR-23	5440	Completed Successfully	3304207923	Shilpa Shrivas Patva	9300275186	tanihkawh@gmail.com	5440	offer
OFFER FEES	OTHERDCARD	DUK6317561	10-MAR-23	3001	Completed Successfully	2006205902	PARAG TADA PARAG WAREHOUSE	9340592583	tadatraders@gmail.com	3001	
OFFER FEES	NETBANKING	DUK6317519	10-MAR-23	504	Completed Successfully	0305192975	VIDYA DEVI GUPTA	9039010461	gauravreja.jeron@gmail.com	504	
OFFER FEES	BILLDESK	DUK6317667	10-MAR-23	5475	Completed Successfully	2604204550	Mahaveer Warehouse	9752010133	mahaveerwarehouse20@gmail.com	5475	Offer Fees
OFFER FEES	NETBANKING	DUK6317928	10-MAR-23	5440	Completed Successfully	3304207924	Rashmi soni	9300671062	yuvrajwhw@gmail.com	5440	offer
OFFER FEES	OTHERDCARD	DUK6318068	10-MAR-23	1930	Completed Successfully	3103192912	SUSHILA DEVI WAREHOUSE	9425440424	sushildeviwarehouse@gmail.com	1930	payments towords offer fees
OFFER FEES	NETBANKING	DUK6318288	10-MAR-23	1309	Completed Successfully	0305182481	JAY AMBY MA WAREHOUSE JERA KHAS	9179537782	ramkishorrai1983@gmail.com	1309	
OFFER FEES	NETBANKING	DUK6317797	10-MAR-23	4364	Completed Successfully	0701206038	maa mansa devi ware house	8370019601	amit_0981@yahoo.com	4364	offer fees for 2023-24
OFFER FEES	OTHERDCARD	DUK6318287	10-MAR-23	2190	Completed Successfully	3701206441	Abhay jain	9424174679	Njainniwas@gmail.com	2190	Offer
OFFER FEES	SBDEBIT	DUK6318134	10-MAR-23	8314	Completed Successfully	2501181016	Vishwa Bandhu Shukla	7999334903	vishwabandhushukla2106@gmail.com	8314	Rabi offer fees 2023-24
OFFER FEES	NETBANKING	DUK6318457	10-MAR-23	3780	Completed Successfully	3307181452	Ramendra Badgaiyan	9424686352	deepakbagdaiyan@icloud.com	3780	offer
OFFER FEES	OTHERDCARD	DUK6318201	10-MAR-23	2554	Completed Successfully	2006207654	LILA BAI VIRAJ WAREHOUSE	9753326788	virajwarehouse72@gmail.com	2554	
REGISTRATION FEE	NETBANKING	DUK6318695	10-MAR-23	2250	Completed Successfully	3004208656	JANKINATH WAREHOUSE	7000567273	jankinathwarehouse@gmail.com	2250	JANKINATH WAREHOUSE REGISTRATION FEESW
REGISTRATION FEE	BILLDESK	DUK6318497	10-MAR-23	1842	Completed Successfully	2905208655	Gayatri Bai	9826368279	sheshnarayansid@gmail.com	1842	Shri Amar Warehouse Nipaniya
OFFER FEES	SBDEBIT	DUK6318515	10-MAR-23	8009	Completed Successfully	2501181019	Chandramani Shukla	7415574442	sachinshukla47@gmail.com	8009	Rabi offer fees 2023-24
OFFER FEES	NETBANKING	DUK6318867	10-MAR-23	4607	Completed Successfully	1805208644	JYOTI BALA BHATT	8770882042	rahulbhatt2710@gmail.com	4607	SHREE NARAYAN WAREHOUSE
OFFER FEES	BILLDESK	DUK6318706	10-MAR-23	5705	Completed Successfully	2605203951	HEMA PANJWANI	9300888800	panjwanihemal@gmail.com	5705	offered on 10-03-2023 and registraction id. 2605203951
REGISTRATION FEE	SBDEBIT	DUK6319062	10-MAR-23	2078	Completed Successfully	1603208621	Smt Khushbu Yati wo Anil Kumar	9009289013	namanyati9013@gmail.com	2078.00	
OFFER FEES	NETBANKING	DUK6319104	10-MAR-23	5625	Completed Successfully	3004208656	CHARU GOSWAMI	7000567273	jankinathwarehouse@gmail.com	5625	JANKINATH WAREHOUSE OFFER FEES
OFFER FEES	OTHERDCARD	DUK6318611	10-MAR-23	3516	Completed Successfully	2006206357	LILA BAI ARSHIT WAREHOUSE	9669407120	paragagro2005@gmail.com	3516	
OFFER FEES	NETBANKING	DUK6319199	10-MAR-23	8510	Completed Successfully	1301204931	NATIONAL WAREHOUSE II	9827004402	khandwatyping1@gmail.com	8510	OFFER FEE
OFFER FEES	OTHERDCARD	DUK6319098	10-MAR-23	3661	Completed Successfully	2607205905	MAKHANLAL HARLAL SONI WAREHOUSE	9926376840	maidysoni001@gmail.com	3661	offer fees
OFFER FEES	NETBANKING	DUK6319633	10-MAR-23	4547	Completed Successfully	2409206500	Suraj Warehouse	9425955215	chayan786mahajan@gmail.com	4547	ok
OFFER FEES	SBDEBIT	DUK6319240	10-MAR-23	6094	Completed Successfully	0402206836	Manisha Agrawal	9425119583	maavaishnowarehouse@gmail.com	6094	OFFER FEES
OFFER FEES	NETBANKING	DUK6318607	10-MAR-23	4640	Completed Successfully	2501207649	Shivay Warehouse	9165805555	amit2007tiwari@gmail.com	4640	Offer fees
OFFER FEES	NETBANKING	DUK6319672	10-MAR-23	4826	Completed Successfully	4405207211	PRATIBHA JAIN	9098395522	navkar99266@gmail.com	4826	Offer Fees JVS
REGISTRATION FEE	NETBANKING	DUK6319286	10-MAR-23	2296	Completed Successfully	2901208659	RINKY CHAURASIA	7489408646	shriwarehouse20233@gmail.com	2296	FEE
OFFER FEES	OTHERDCARD	DUK6319272	10-MAR-23	1100	Completed Successfully	3701205861	SEVA SAHKARI SAMITI BISWADI	9131040432	mrrai9301@gmail.com	1100	OFFER FEE
REGISTRATION FEE	NETBANKING	DUK6319289	10-MAR-23	1081	Completed Successfully	2905208625	SANJEEV KUMAR MAHESHWARI	9977990011	msanjeev722@gmail.com	1081	reg
REGISTRATION FEE	NETBANKING	DUK6319486	10-MAR-23	2250	Completed Successfully	1706208631	MPSCSC	9425187138	nimishkataria20@gmail.com	2250	registration fee
OFFER FEES	SBDEBIT	DUK6319773	10-MAR-23	5195	Completed Successfully	1603208621	Smt Khushbu Yati wo Anil Kumar	9009289013	namanyati9013@gmail.com	5195.00	
OFFER FEES	OTHERDCARD	DUK6319326	10-MAR-23	2500	Completed Successfully	2006205448	SANJAY TADA TADA TRADERS WAREHOUSE	9753326788	paragagro2005@gmail.com	2500	
OFFER FEES	BILLDESK	DUK6319781	10-MAR-23	4605	Completed Successfully	2905208655	Gayatri Bai	9826368279	sheshnarayansid@gmail.com	4605	Shri Amar warehouse Nipaniya
OFFER FEES	CREDITCARD	DUK6319832	10-MAR-23	5000	Completed Successfully	1803207441	SARITA BAI	8435149461	Shririddhisiddhiwarehouse@gmial.com	5000	Offer Fee Submitted By Sarita Bai
OFFER FEES	NETBANKING	DUK6319376	10-MAR-23	5740	Completed Successfully	2901208659	RINKY CHAURASIA	7489408646	shriwarehouse20233@gmail.com	5740	FEE
OFFER FEES	NETBANKING	DUK6319902	10-MAR-23	4500	Completed Successfully	1301206928	SHAH  WAREHOUSE	9827004402	khandwatyping1@gmail.com	4500	OFFER FEE
OFFER FEES	CREDITCARD	DUK6319914	10-MAR-23	1678	Completed Successfully	1803181236	Samandar Singh	9926070913	ssnipaniyagoyal@gmail.com	1678	Offer Fees Submitted By Samandar Singh
REGISTRATION FEE	NETBANKING	DUK6319966	10-MAR-23	2310	Completed Successfully	3206208660	babita tathore	975229121277	pawankumarrathore123@gmail.com	2310	registration fee
OFFER FEES	OTHERDCARD	DUK6319993	10-MAR-23	2241	Completed Successfully	230118550	KRISHNA KUMAR CHAURASIA	9425305691	keshuchurasia@rediffmail.com	2241	offer
OFFER FEES	BILLDESK	DUK6320009	10-MAR-23	2701	Completed Successfully	2905208625	SANJEEV KUMAR MAHESHWARI	9977990011	msanjeev722@gmail.com	2701	offer
OFFER FEES	NETBANKING	DUK6320051	10-MAR-23	5625	Completed Successfully	1706208631	MPSCSC	9425187138	nimishkataria20@gmail.com	5625	OFFER FEE
OFFER FEES	NETBANKING	DUK6320022	10-MAR-23	6555	Completed Successfully	2502181115	RASHI RAJA SINGH	9425185599	rashrajasingh@gmail.com	6555	
OFFER FEES	NETBANKING	DUK6320455	10-MAR-23	10242	Completed Successfully	040118887	DR. G S TOMAR	9826211568	drgstomar1@gmail.com	10242	shramistha wear house and logistics gwalioroffer fees
REGISTRATION FEE	CREDITCARD	DUK6320482	10-MAR-23	1082	Completed Successfully	1803208657	Ranu Devi	7898728829	luckynamdev28@gmail.com	1082	Registration Fee Submitted By Ranu Namdev
OFFER FEES	NETBANKING	DUK6320293	10-MAR-23	3657	Completed Successfully	3302193361	Shaifali Dwivedi	7864087171	shividwivedi18@gmail.com	3657	offer
OFFER FEES	NETBANKING	DUK6320263	10-MAR-23	5788	Completed Successfully	2501204485	Rudra warehouse	9165805555	amit2007tiwari@gmail.com	5788	Offer fees
OFFER FEES	OTHERDCARD	DUK6320460	10-MAR-23	5575	Completed Successfully	2901204909	Annapurna warehouse 27	9826931919	Annapurnawarehousebillkishganj@gmail.com	5575	Ok
OFFER FEES	CREDITCARD	DUK6320527	10-MAR-23	2706	Completed Successfully	1803208657	Ranu Devi	7898728829	luckynamdev28@gmail.com	2706	Offer Fee Submitted By Ranu Devi
OFFER FEES	NETBANKING	DUK6320532	10-MAR-23	1798	Completed Successfully	2302181408	Mahesh Kumar Sahu	8839837494	ashwani.bhu.mbaft@gmail.com	1798	Warehouse JVS Offer fees
OFFER FEES	OTHERDCARD	DUK6320094	10-MAR-23	1162	Completed Successfully	3701181269	SEVA SAHKARI SAMITI BISWADI	9131040432	riteshrai0707@gmail.com	1162	offer fee
OFFER FEES	BILLDESK	DUK6320350	10-MAR-23	5162	Completed Successfully	2905207000	Urmila Bai	9826368279	amarwarehouse1111@gmail.com	5162	Amar warehouse
OFFER FEES	BILLDESK	DUK6320581	10-MAR-23	5630	Completed Successfully	2801207063	AMIR HASAN	9039772258	abhilashawarehouse@gmail.com	5630	OFFER FEES ABHILASHA WAREHOUSE
OFFER FEES	BILLDESK	DUK6320369	10-MAR-23	2295	Completed Successfully	1807204880	Mukesh Mohta	9229295516	Mohta.Mukesh@gamil.com	2295	
OFFER FEES	BILLDESK	DUK6320572	10-MAR-23	4134	Completed Successfully	4804182432	RAVINDRA AGRAWAL	9617854210	ravindraagrawal@yahoo.com	4134	OFFER FEES
OFFER FEES	SBDEBIT	DUK6320166	10-MAR-23	8006	Completed Successfully	1605193219	BALJEET SINGH NARANG	9406601502	harjeet.narang@rediffmail.com	8006.00	
OFFER FEES	OTHERDCARD	DUK6321039	10-MAR-23	2102	Completed Successfully	3701181083	SEVA SAHKARI SAMITI BISWADI	9131040432	samitibisawadi261@gmail.com	2102	offer fee
OFFER FEES	NETBANKING	DUK6320929	10-MAR-23	5776	Completed Successfully	3206208660	babita rathore	9752334819	pawankumarrathore123@gmail.com	5776	offer fees
REGISTRATION FEE	NETBANKING	DUK6321271	10-MAR-23	2288	Completed Successfully	1207208664	SAPANA TIWARI	7999275507	narayanwarehouseji@gmail.com	2288	NEW REGISTRATION FEES
REGISTRATION FEE	SBDEBIT	DUK6321013	10-MAR-23	1841	Completed Successfully	2208208663	CHOUDHARY WAREHOUSE	9424567599	chandrachordia24@gmail.com	1841	JV SCHEME REGISTRATION FEE
OFFER FEES	NETBANKING	DUK6321433	10-MAR-23	5590	Completed Successfully	2701205153	MSD WAREHOUSE	9479908282	msdwarehouse21@gmail.com	5590	OFFER FEE
OFFER FEES	NETBANKING	DUK6321166	10-MAR-23	1444	Completed Successfully	3103204718	vanshika warehouse	7223878887	rajesh.desh4@gmail.com	1444	fee for offer capictity
OFFER FEES	NETBANKING	DUK6321156	10-MAR-23	5899	Completed Successfully	2508207905	Shiv  warehouse	9200128075	Prabhatoist.pandey@gmail.com	5899	Offer fees
REGISTRATION FEE	NETBANKING	DUK6321400	10-MAR-23	6531	Completed Successfully	1202208665	HARGOVIND AGRAWAL	7000615244	agrawalbrothersgodown@gmail.com	6531	Registration fees of AGRAWAL BROTHERS GODOWN 2
OFFER FEES	NETBANKING	DUK6321619	10-MAR-23	3416	Completed Successfully	3104193034	ROSHAN GUPTA	9425433299	rakeshgupta823@gmail.com	3416	nil
OFFER FEES	NETBANKING	DUK6321628	10-MAR-23	5625	Completed Successfully	3001206692	NS WAREHOUSE	9993082040	harshbaghel298@gmail.com	5625	Offer Fees
OFFER FEES	NETBANKING	DUK6321708	10-MAR-23	3769	Completed Successfully	2701207010	MSD WAREHOUSE UNIT 2	9479908282	msdwarehouse22@gmail.com	3769	OFFER FEE
OFFER FEES	SBDEBIT	DUK6321722	10-MAR-23	7931	Completed Successfully	0801206056	Mittal Warehouse	9560942293	shrey_m999@yahoo.com	7931	Offer Fee
REGISTRATION FEE	SBDEBIT	DUK6321926	10-MAR-23	825	Completed Successfully	2706181350	arun garg	9926534498	atulsalessironj@gmail.com	825	garg ware house 17
OFFER FEES	NETBANKING	DUK6321790	10-MAR-23	5719	Completed Successfully	1207208664	SAPANA TIWARI	7999275507	narayanwarehouseji@gmail.com	5719	OFFER FEES
OFFER FEES	OTHERDCARD	DUK6321802	10-MAR-23	3317	Completed Successfully	1102181133	ISHWAR SINGH THAKUR	9926277172	ISHWARSINGH236@GMAIL.COM	3317	R.S. WAREHOUSE DAMOH
OFFER FEES	NETBANKING	DUK6321815	10-MAR-23	2700	Completed Successfully	1301205242	CHITRA NEGI	9827004402	khandwatyping1@gmail.com	2700	OFFER FEE
OFFER FEES	NETBANKING	DUK6322136	10-MAR-23	2752	Completed Successfully	2706207006	PRIYA MANGAL	7240982801	prasangmangal0001@gmail.com	2752	MANGALSHREE WAREHOUSE AND LOGISTICS UNIT 2 OFFER FEES
OFFER FEES	NETBANKING	DUK6322175	10-MAR-23	3942	Completed Successfully	3303181479	Rahul Agrawal	9302223401	rahul194158@gmail.com	3942	offer
REGISTRATION FEE	NETBANKING	DUK6322013	10-MAR-23	1749	Completed Successfully	2801208666	sona jat	9981127832	virendrasinghjat53@gmail.com	1749	shourya warehouse ragistration fees
OFFER FEES	NETBANKING	DUK6322452	10-MAR-23	5616	Completed Successfully	3606205447	VANDANA DUBEY	9981565930	KAMLESH.9993850139@GMAIL.COM	5616	offer fee
OFFER FEES	NETBANKING	DUK6322318	10-MAR-23	4751	Completed Successfully	2706206729	PRIYA MANGAL	9424458372	sajalmangal@gmail.com	4751	MANGAL SHREE WAREHOUSE AND LOGISTICS  OFFER FEES
OFFER FEES	NETBANKING	DUK6322454	10-MAR-23	1801	Completed Successfully	2409193123	shree shakti co-operative marketing society	9827631700	scmsg@rediffmail.com	1801	ok
REGISTRATION FEE	NETBANKING	DUK6322202	10-MAR-23	3641	Completed Successfully	1202208653	HARGOVIND AGRAWAL	7000615244	care@cashivam.com	3641	registration fees of Agrawal brothers godown 1
OFFER FEES	NETBANKING	DUK6322384	10-MAR-23	5625	Completed Successfully	2001204590	nilima joshi	9630144788	uditjoshi8811@gmail.com	5625	SEEYA SAMRIDDHI WAREHOUSE
OFFER FEES	NETBANKING	DUK6322710	10-MAR-23	2970	Completed Successfully	3303181927	Rahul Agrawal	9302223401	mangalam.agro77@gmail.com	2970	offer
OFFER FEES	NETBANKING	DUK6322576	10-MAR-23	1004	Completed Successfully	2409204775	Shree Shakti Co-Operative Marketing Society	9827631700	patel.sggw@gmail.com	1004	ok
OFFER FEES	NETBANKING	DUK6322589	10-MAR-23	16328	Completed Successfully	1202208665	Hargovind Agrawal	7000615244	agrawalbrothersgodown@gmail.com	16328	Offer Fees of Agrawal Brothers Godown 2
REGISTRATION FEE	NETBANKING	DUK6322607	10-MAR-23	2250	Completed Successfully	5102205077	Mayank Jain	7415484052	mayoojain92@gmail.com	2250	Cash
REGISTRATION FEE	BILLDESK	DUK6322907	10-MAR-23	2239	Completed Successfully	2604208668	SHIVAY WAREHOUSE	9993119614	shivaywarehouse23@gmail.com	2239	Registration Fees
OFFER FEES	NETBANKING	DUK6322973	10-MAR-23	3434	Completed Successfully	2606204027	SARASWATI WAREHOUSE	raiprashant22@gmail.com	raiprashant22@gmail.com	3434	OFFER FEES
OFFER FEES	NETBANKING	DUK6322939	10-MAR-23	4373	Completed Successfully	2801208666	sona jat	9981127832	virendrasinghjat53@gmail.com	4373	shourya warehouse offar fees
OFFER FEES	NETBANKING	DUK6322792	10-MAR-23	5626	Completed Successfully	3303207922	Arti Patel	9893279469	laxmipatel5569@gmail.com	5626	offer
OFFER FEES	NETBANKING	DUK6323076	10-MAR-23	9101	Completed Successfully	1202208653	HARGOVIND AGRAWAL	7000615244	care@cashivam.com	9101	OFFER FEES OF AGRAWAL BROTHERS GODOWN 1
OFFER FEES	NETBANKING	DUK6323266	10-MAR-23	4758	Completed Successfully	2507208018	Prabha warehouse	8602533317	Harsh.Namdev87@gmail.com	4758.00	
OFFER FEES	BILLDESK	DUK6323445	10-MAR-23	5598	Completed Successfully	2604208668	SHIVAY WAREHOUSE	9993119614	shivaywarehouse23@gmail.com	5598	Offer Fees
REGISTRATION FEE	NETBANKING	DUK6323517	10-MAR-23	2168	Completed Successfully	2205208667	Lalita	9770377435	coolrahulmukati143@gmail.com	2168	registration fees
OFFER FEES	OTHERDCARD	DUK6323206	10-MAR-23	5625	Completed Successfully	3008203673	MANISH CHOUHAN	9926004658	vinodchouhan1968@gmail.com	5625	OFFER FEE
OFFER FEES	BILLDESK	DUK6323522	10-MAR-23	5625	Completed Successfully	2906205021	rukmani warehouse	9826336785	patidarnikhil454@gmail.com	5625	offer fee of rukmani warehouse
OFFER FEES	SBDEBIT	DUK6323637	10-MAR-23	7966	Completed Successfully	040218847	haribabu shivhare	9893042196	mohan.dabra@gmail.com	7966	
OFFER FEES	NETBANKING	DUK6323537	10-MAR-23	4136	Completed Successfully	3304207895	Saroj Singh Baghel	9993647516	baghelwh@gmail.com	4136	offer
OFFER FEES	NETBANKING	DUK6323550	10-MAR-23	916	Completed Successfully	1804203928	BHUPENDRA SISODIA	7746000452	bssisodiya452@gmail.com	916	shree ram warehouse
OFFER FEES	SBDEBIT	DUK6323871	10-MAR-23	5617	Completed Successfully	3405207807	ANURADHA MISHRA	9691987119	maheshptiwari888@gmail.com	5617	2023 24 offer fees for HARSIDDHI WAREHOUSE
OFFER FEES	BILLDESK	DUK6323858	10-MAR-23	8898	Completed Successfully	0804204378	GULKOSH WAREHOUSING CORPORATION	9425316010	smrati_trading@yahoo.co.in	8898	
OFFER FEES	OTHERDCARD	DUK6323894	10-MAR-23	4613	Completed Successfully	0908206049	SMT AJAY PATEL SADGURU WAREHOUSE	9425167998	rakeshku.2121@gmail.com	4613	
OFFER FEES	SBDEBIT	DUK6323763	10-MAR-23	2062.5	Completed Successfully	2706181350	garg ware house	9926534498	atulsalessironj@gmail.com	2062.50	offer fee
OFFER FEES	SBDEBIT	DUK6323959	10-MAR-23	5522	Completed Successfully	0402203613	ANITA SHIVHARE	9893042196	gangawarehouse03@gmail.com	5522	
OFFER FEES	NETBANKING	DUK6323781	10-MAR-23	5420	Completed Successfully	2205208667	Lalita	9770377435	coolrahulmukati143@gmail.com	5420	offer fees
OFFER FEES	NETBANKING	DUK6323620	10-MAR-23	2700	Completed Successfully	0403181229	ANGOORI DEVI GUPTA	9752600243	ashutosh_grmc@yahoo.co.in	2700	offer fee
REGISTRATION FEE	BILLDESK	DUK6324015	10-MAR-23	1900	Completed Successfully	2701208598	D. S. DHAKAD WAREHOUSE	6263609315	anuradhadhakad08@gmail.com	1900	Registration Fees
OFFER FEES	OTHERDCARD	DUK6324016	10-MAR-23	5662	Completed Successfully	2904207403	RAJ LOGISTICS SERVICES	9926004658	aj.gupta14@gmail.com	5662	offer fee
REGISTRATION FEE	NETBANKING	DUK6324269	10-MAR-23	1862	Completed Successfully	5103208637	MANOHAR SINGH ANAJAN	9425092649	pawansinghanjana1979@gmail.com	1862	BAPU WAREHOUSE UNIT 2
OFFER FEES	OTHERDCARD	DUK6324504	10-MAR-23	6919	Completed Successfully	0908206050	SMT KUSUM PATEL SIDDHI VINAYAK WAREHOUSE	9425167998	jdsadgurutractor2505@gmail.com	6919	
OFFER FEES	BILLDESK	DUK6324342	10-MAR-23	4749	Completed Successfully	2701208598	D. S. DHAKAD WAREHOUSE	6263609315	anuradhadhakad08@gmail.com	4749	Offer Fees
REGISTRATION FEE	NETBANKING	DUK6324349	10-MAR-23	1780	Completed Successfully	3004208669	UMA WAREHOUSE UMS SINGH	9826511174	singh.shy123@gmail.com	1780	registration fees
REGISTRATION FEE	SBDEBIT	DUK6324366	10-MAR-23	825	Completed Successfully	2706192771	garg ware house	9926355046	kathora27@gmail.com	825	registration fee
OFFER FEES	OTHERDCARD	DUK6324112	10-MAR-23	1898	Completed Successfully	3008205687	RAJ LOGISTICS SERVICES UNIT 2	9926004658	manishchouhan1973@gmail.com	1898	Offer Fee
REGISTRATION FEE	NETBANKING	DUK6324665	10-MAR-23	1935	Completed Successfully	2203208670	Shanta Bai	9893078360	panwar_sachin2008@yahoo.in	1935	
OFFER FEES	NETBANKING	DUK6324157	10-MAR-23	4654	Completed Successfully	5103208637	MANOHAR SINGH ANJANA	9425092649	pawansinghanjana1979@gmail.com	4654	BAPU WAREHOUSE UNIT 2
OFFER FEES	OTHERDCARD	DUK6324693	10-MAR-23	8741	Completed Successfully	0903207606	RAKESH KUMAR PATEL GOPAL JI WAREHOUSE	9425167998	rajesh.ptl196501@gmail.com	8741	
OFFER FEES	SBDEBIT	DUK6324714	10-MAR-23	9223	Completed Successfully	040218857	haribabu shivhare	9893042196	yamunawarehousedabra@gmail.com	9223	
OFFER FEES	NETBANKING	DUK6324193	10-MAR-23	4838	Completed Successfully	2203208670	Shanta Bai	9893078360	kagl77739@gmail.com	4838	
OFFER FEES	NETBANKING	DUK6324763	10-MAR-23	4450	Completed Successfully	3004208669	UMA WAREHOUSE UMA SINGH	9826511174	singh.shy123@gmail.com	4450	offer for jvs 2023-24
OFFER FEES	NETBANKING	DUK6324872	10-MAR-23	5504	Completed Successfully	1304206558	MANJU PATEL / MAANJU PATEL WAREHOUSE	9826344111	PRITAMPATEL1977@GMAIL.COM	5504	offer fees
OFFER FEES	SBDEBIT	DUK6324887	10-MAR-23	2062.5	Completed Successfully	2706192771	garg ware house	9926355046	kathora27@gmail.com	2062.50	offer fee
REGISTRATION FEE	OTHERDCARD	DUK6325065	10-MAR-23	3208	Completed Successfully	2601181117	NARMADA AGRO PARK	9425045333	narmada.agro.park@gmail.com	3208	registration 2023 to 2026
OFFER FEES	NETBANKING	DUK6324831	10-MAR-23	4266	Completed Successfully	2404205431	Krishna Warehouse	9407176001	krishnawarhouse57@gmail.com	4266	ok
OFFER FEES	NETBANKING	DUK6324959	10-MAR-23	5492	Completed Successfully	2701206715	narendra Singh raghuwanshi	9752344454	soniavds6789@gmail.com	5492.00	shri giriraj wh unit 2 offer fees paid
OFFER FEES	OTHERDCARD	DUK6324962	10-MAR-23	4906	Completed Successfully	2601181117	NARMADA AGRO PARK	9425045333	narmada.agro.park@gmail.com	4906	offer 2023 2024
OFFER FEES	NETBANKING	DUK6325166	10-MAR-23	4778	Completed Successfully	080318106	NIHAL SINGH	9630795555	yaswhant@gmail.com	4778	OFFER FEE
REGISTRATION FEE	OTHERDCARD	DUK6325465	10-MAR-23	2251	Completed Successfully	2601208155	BALAJI WAREHOUSE	9425437776	balajiwarehouse29@gmail.com	2251	REGISTRATION FEE 2023 2026
OFFER FEES	SBDEBIT	DUK6325405	10-MAR-23	2414	Completed Successfully	1001207476	BAIJANTI THAKUR	7509501085	vijayshribarkoti@gmail.com	2414	Offer Fee
OFFER FEES	NETBANKING	DUK6325494	10-MAR-23	8741	Completed Successfully	0903207963	RAJESH KUMAR PATEL KRIPAL JI WAREHOUSE	9753074735	rishik.ptl@gmail.com	8741	
OFFER FEES	SBDEBIT	DUK6325495	10-MAR-23	5687	Completed Successfully	3404206931	MEENA BAI	9098608495	maaannapurnawarehouse@gmail.com	5687	2023 24 offer for MAA ANNAPURNA WAREHOUSING
OFFER FEES	OTHERDCARD	DUK6325659	10-MAR-23	2808	Completed Successfully	2601208155	BALAJI WAREHOUSE	9425437776	balajiwarehouse29@gmail.com	2808	offer 2023 2024
REGISTRATION FEE	NETBANKING	DUK6325718	10-MAR-23	666	Completed Successfully	1804208673	NAVEEN KUMAR BHAWSAR	9977145777	bhawsaraviraj@gmail.com	666	BHOLENATH WAREHOUSE
OFFER FEES	BILLDESK	DUK6325907	10-MAR-23	5447	Completed Successfully	3004203594	SHREE SAIVI LOGISTICS	9893644836	ACANUJ42@ICLOUD.COM	5447	OFFER FEES
OFFER FEES	NETBANKING	DUK6326233	10-MAR-23	1664	Completed Successfully	1804208673	NAVEEN KUMAR BHAWSAR	9977145777	bhawsaraviraj@gmail.com	1664	BHOLENATH WAREHOUSE
REGISTRATION FEE	NETBANKING	DUK6326252	10-MAR-23	2250	Completed Successfully	2706208672	AYUSHI MANGAL	9926868600	gargprakhar308@gmail.com	2250	REGSTION FEES SHREE SHYAM WAREHOUSE
OFFER FEES	SBDEBIT	DUK6326287	10-MAR-23	5625	Completed Successfully	3502207702	AMAN KHAN	7000973881	surakshitwarehouse@gmail.com	5625.00	Offer fees
OFFER FEES	NETBANKING	DUK6326460	10-MAR-23	5625	Completed Successfully	2706208687	AYUSHI MANGAL	9926868600	gargprakhar308@gmail.com	5625	SHREE SHYAM WAREHOUSE OFFER FEES
OFFER FEES	NETBANKING	DUK6326340	10-MAR-23	3795	Completed Successfully	3304208023	Saroj Singh Baghel	9993647516	balkrishnawh@gmail.com	3795	offer
OFFER FEES	NETBANKING	DUK6326351	10-MAR-23	1125	Completed Successfully	1005206159	NARMADA PRASAD PATEL	9300605115	narmadapatel5115@gmail.com	1125	ok
OFFER FEES	NETBANKING	DUK6326569	10-MAR-23	10688	Completed Successfully	040118982	HG AGRI INFRASTRUCTURE	7974665727	kanhajicom1995@gmail.com	10688	
OFFER FEES	NETBANKING	DUK6326778	10-MAR-23	5812	Completed Successfully	4206207671	SARGAM WAREHOUSING	9425319090	sharma01madhvi@gmail.com	5812	OFFER FEES
REGISTRATION FEE	NETBANKING	DUK6327039	10-MAR-23	2266	Completed Successfully	3005208674	URMILA BAI	9630267222	kuldeeppatel129@gmail.com	2266	Registration Fee
OFFER FEES	NETBANKING	DUK6327143	10-MAR-23	5665	Completed Successfully	3005208674	URMILA BAI	9630267222	kuldeeppatel129@gmail.com	5665	Offer Fee
OFFER FEES	NETBANKING	DUK6327139	10-MAR-23	5611	Completed Successfully	040118988	H G WAREHOUSE	7974665727	kanhajicom1995@gmail.com	5611	
OFFER FEES	SBDEBIT	DUK6327280	10-MAR-23	4501	Completed Successfully	3404204470	Smt PUSHPA PATEL	9424999141	saurabhpatel697@gmail.com	4501	2023 24 offer for Janakpur Warehosue
REGISTRATION FEE	NETBANKING	DUK6327281	10-MAR-23	2884	Completed Successfully	4103208675	SAPNA VYAS	7440505911	chhatrapalthakur44@gmail.com	2884	
OFFER FEES	NETBANKING	DUK6327531	10-MAR-23	5756	Completed Successfully	4206207726	SHUBHDA WAREHOUSING	9425466690	kansal.geetika@yahoo.co.in	5756	OFFER FEES
OFFER FEES	NETBANKING	DUK6327632	10-MAR-23	3876	Completed Successfully	2706204899	VAIBHAV SHRIVASTAVA	9977960682	bshrivastava26@gmail.com	3876	OFFER FEES VAIBHAV WAREHOUSE
REGISTRATION FEE	SBDEBIT	DUK6327862	10-MAR-23	2428	Completed Successfully	3404208434	JYOTI JAIN	9826658040	maarewawarehousegdr@gmail.com	2428	JVS Reg fees for Maa Rewa Warehouse
OFFER FEES	NETBANKING	DUK6327887	10-MAR-23	3106	Completed Successfully	4204206922	Madhuri Mishra	9329686959	narmadanchalwh@gmail.com	3106	Offer
OFFER FEES	NETBANKING	DUK6327901	10-MAR-23	7209	Completed Successfully	4103208675	SAPNA VYAS	7440505911	chhatrapalthakur44@gmail.com	7209	
REGISTRATION FEE	NETBANKING	DUK6327769	10-MAR-23	2257	Completed Successfully	3504208678	BRIJLATA PATEL	9669896347	jayshreepatel550@gmail.com	2257	REGISTRATION FEE RK AGRO SERVICES
REGISTRATION FEE	NETBANKING	DUK6328103	10-MAR-23	2366	Completed Successfully	2801208677	Hemlata	9754652720	dharmendragour056@gmail.com	2366	shriram warehouse ragistration fee
OFFER FEES	SBDEBIT	DUK6328398	10-MAR-23	4604	Completed Successfully	2208208663	CHORDIA WAREHOUSE	9424567599	chandrachordia24@gmail.com	4604	JV SCHEME OFFER FEES
REGISTRATION FEE	NETBANKING	DUK6328692	10-MAR-23	800	Completed Successfully	1102208680	ATUL AGRAWAL	9425095780	anjliagrawaldamoh@gmail.com	800	JVS REGISTRATION FEES
OFFER FEES	NETBANKING	DUK6328700	10-MAR-23	5915	Completed Successfully	2801208677	Hemlata	9754652720	dharmendragour056@gmail.com	5915	shriram warehouse offer fee
OFFER FEES	NETBANKING	DUK6328757	10-MAR-23	488	Completed Successfully	5102192614	RAKESH GUPTA	9424001128	rsww777@gmail.com	488	
OFFER FEES	NETBANKING	DUK6328904	10-MAR-23	3867	Completed Successfully	1206208647	PREMANSHU SINGH	8754692835	premanshusingh93@gmail.com	3867	
OFFER FEES	NETBANKING	DUK6328778	10-MAR-23	5643	Completed Successfully	3504208678	BRIJLATA PATEL	9669896347	Jayshreepatel550@gmail.com	5643	OFFER FEE RK AGRO SERVICES
OFFER FEES	NETBANKING	DUK6329101	10-MAR-23	2001	Completed Successfully	1102208680	ATUL AGRAWAL	9425095780	anjliagrawaldamoh@gmail.com	2001	JVS OFFER FEES
OFFER FEES	SBDEBIT	DUK6328631	10-MAR-23	6071	Completed Successfully	3404208434	JYOTI JAIN	9826658040	maarewawarehousegdr@gmail.com	6071	2023 24 OFFER FEES FOR MAA REWA WAREHOSUE
REGISTRATION FEE	BILLDESK	DUK6329051	10-MAR-23	1609	Completed Successfully	1301203467	Chouhan Agro House	9826330530	sgrknw1@gmail.com	1609.00	Registration Fee
REGISTRATION FEE	BILLDESK	DUK6329403	10-MAR-23	2190	Completed Successfully	2801208686	SHASHI KUNWAR MEENA	6260219657	maapeetambarawarehouse2023@gmail.com	2190	REGISTRATION FEES
OFFER FEES	BILLDESK	DUK6329423	10-MAR-23	4022	Completed Successfully	1301203467	Chouhan Agro House	9826330530	sgrknw1@gmail.com	4022	Offer SGR Fee
OFFER FEES	NETBANKING	DUK6329635	10-MAR-23	5710	Completed Successfully	2905205043	Simran Thakur	8959103505	chouhanr001@gmail.com	5710	RP Warehouse Nipaniya
REGISTRATION FEE	NETBANKING	DUK6329660	10-MAR-23	2194	Completed Successfully	1105208687	EKTA RAI	9826465178	ektaraidamo@gmail.com	2194	reagistration fees
OFFER FEES	BILLDESK	DUK6329708	10-MAR-23	5476	Completed Successfully	2801208686	SHASHI KUNWAR MEENA	6260219657	maapeetambarawarehouse2023@gmail.com	5476	OFFER FEES
REGISTRATION FEE	SBDEBIT	DUK6329624	10-MAR-23	2243	Completed Successfully	0803208685	Pira Ji Warehouse	6268099299	pratappatel9993671063@gmail.com	2243	Registration Fee
REGISTRATION FEE	BILLDESK	DUK6329726	10-MAR-23	3279	Completed Successfully	1301192709	Chouhan Agro House	9826330530	cfcknw@gmail.com	3279	Registration Fee CFC
OFFER FEES	NETBANKING	DUK6329757	10-MAR-23	1641	Completed Successfully	2302193286	Santosh nagariya	9826071211	santoshnagariya1234@gmail.com	1641	Mp Warehousing Log.Corp. Offer Fees
OFFER FEES	NETBANKING	DUK6330108	10-MAR-23	5486	Completed Successfully	1105208687	EKTA RAI	9826465178	ektaraidamo@gmail.com	5486	OFFER FEES
REGISTRATION FEE	BILLDESK	DUK6330212	10-MAR-23	2205	Completed Successfully	2801208661	DEV KUNWAR SOLANKI	9691074674	bhupendrasolanki351@gmail.com	2205	REGISTRATION FEE
OFFER FEES	SBDEBIT	DUK6330208	10-MAR-23	5608	Completed Successfully	0803208685	Pira Ji Warehouse	6268099299	pratappatel9993671063@gmail.com	5608	Offer Fee
OFFER FEES	NETBANKING	DUK6330299	10-MAR-23	1219	Completed Successfully	5102192614	RAKESH GUPTA	9424001128	rsww777@gmail.com	1219	
OFFER FEES	NETBANKING	DUK6330352	10-MAR-23	1001	Completed Successfully	2801204993	ANNAPURNA WAREHOUSE	9926315042	annapurnawa@gmail.com	1001	
REGISTRATION FEE	SBDEBIT	DUK6330639	10-MAR-23	2075	Completed Successfully	2603208688	SUREKHA BAI CHOUHAN	8959137773	Ganeshsinghchouhan3@Gmail.com	2075	Registration Fee
REGISTRATION FEE	NETBANKING	DUK6330356	10-MAR-23	1454	Completed Successfully	2608208682	SHRI NARAYAN WAREHOUSE	8435786210	shivrajput900@gmail.com	1454	registration fee
OFFER FEES	BILLDESK	DUK6330412	10-MAR-23	5512	Completed Successfully	2801208661	DEV KUNWAR SOLANKI	9691074674	bhupendrasolanki351@gmail.com	5512	OFFER FEES
OFFER FEES	NETBANKING	DUK6330421	10-MAR-23	3781	Completed Successfully	330718540	Satish Upadhyay	8770212533	satish.u425@gmail.com	3781	offer
OFFER FEES	SBDEBIT	DUK6330425	10-MAR-23	4036	Completed Successfully	260218905	EVEREST WAREHOUSE	9752716403	anuragpatel77@gmail.com	4036	OFFER FEES
REGISTRATION FEE	NETBANKING	DUK6330761	10-MAR-23	1391	Completed Successfully	2706208681	USHA SHRIVASTAVA	8871676949	gauravshrivastava5882@gmail.com	1391	USHA WAREHOUSE REGESTION FEES
OFFER FEES	BILLDESK	DUK6330614	10-MAR-23	2247	Completed Successfully	2301192618	ANJANA AGRAWAL	9425141157	agrawal.parag29@gmail.com	2247	offer fees
OFFER FEES	NETBANKING	DUK6331233	10-MAR-23	3478	Completed Successfully	2706208681	USHA SHRIVASTAVA	8871676949	gauravshrivastava5882@gmail.com	3478	USHA WAREHOUSE OFFER FEES
OFFER FEES	NETBANKING	DUK6330904	10-MAR-23	3991	Completed Successfully	330718534	Twarit Upaddyay	8770212533	twarit9@gmail.com	3991	offer
OFFER FEES	SBDEBIT	DUK6330925	10-MAR-23	5186	Completed Successfully	2603208688	SUREKHA BAI CHOUHAN	8959137773	Ganeshsinghchouhan3@Gmail.com	5186	Offer FEE
OFFER FEES	NETBANKING	DUK6331101	10-MAR-23	3751	Completed Successfully	3307203907	Anuradha Upadhyay	8770212533	anuradhawarehousebagdhoda@gmail.com	3751	Offer
OFFER FEES	NETBANKING	DUK6331122	10-MAR-23	1941	Completed Successfully	0704208363	BRAJRAJ RAJPUT	9993113808	brajraj422@gmail.com	1941	warehouse offer fees
OFFER FEES	NETBANKING	DUK6331128	10-MAR-23	5000	Completed Successfully	1301204160	SAROJ WAREHOUSE	9827004402	khandwatyping1@gmail.com	5000	OFFER FEE
OFFER FEES	NETBANKING	DUK6331009	10-MAR-23	5850	Completed Successfully	4601208144	DILEEP SHARMA	9893321614	VINITKIRANAASKN21614@GMAIL.COM	5850	offer
OFFER FEES	BILLDESK	DUK6331019	10-MAR-23	2244	Completed Successfully	0803208690	PRAMEELA JAISWAL	9755532828	robinsataheda@gmail.com	2244	
OFFER FEES	NETBANKING	DUK6331445	10-MAR-23	3815	Completed Successfully	3307205208	Twarit Upadhyay	8770212533	tridnetwarehouse4242@gmail.com	3815	
OFFER FEES	SBDEBIT	DUK6331199	10-MAR-23	5062	Completed Successfully	3606192949	S.ISHWAR WAREHOUSE	9425147035	vijay.juneja1960@gmail.com	5062	OFFER FEES
OFFER FEES	OTHERDCARD	DUK6331632	10-MAR-23	1120	Completed Successfully	3103205908	Maganlal Sahu proprietor of Shrimati Leelawati sahu warehousing	9407297152	vikassahu070@gmail.com	1120	
OFFER FEES	NETBANKING	DUK6331514	10-MAR-23	2231	Completed Successfully	1003205670	SAVITRI DEVI RAI	9691587777	brajraisaheb@gmail.com	2231	OFFER FEES
REGISTRATION FEE	NETBANKING	DUK6331841	10-MAR-23	1875	Completed Successfully	3705208689	Twarit Upadhyay	8770212533	anuradhwhwh@gmail.com	1875	Registration
OFFER FEES	NETBANKING	DUK6331532	10-MAR-23	4664	Completed Successfully	2602193205	MADHUR MAHESH WAREHOUSE	9827340014	rc.madnani@gmail.com	4664	OFFER FEE WHEAT 2023
OFFER FEES	BILLDESK	DUK6331701	10-MAR-23	5610	Completed Successfully	0803208690	PRAMEELA JAISWAL	9755532828	robinsataheda@gmail.com	5610	
OFFER FEES	NETBANKING	DUK6331886	10-MAR-23	5644	Completed Successfully	2906207017	Pragati Patel	8305172701	preetamsingh153@gmail.com	5644	Pragati Warehouse Soyat
OFFER FEES	NETBANKING	DUK6331896	10-MAR-23	4690	Completed Successfully	3705208689	Twarit Upadhyay	8770212533	anuradhwhwh@gmail.com	4690	offer
OFFER FEES	BILLDESK	DUK6331620	10-MAR-23	1333	Completed Successfully	5103192979	Ashutosh Agrawal	9425034254	ashutosh.ashu511@gmail.com	1333	offer fee
OFFER FEES	OTHERDCARD	DUK6331781	10-MAR-23	2400	Completed Successfully	1909205138	RIDHIMA STORAGE WAREHOUSE	8964061909	ANMOLP019@GMAIL.COM	2400	offer fee
OFFER FEES	NETBANKING	DUK6332101	10-MAR-23	5631	Completed Successfully	2007207210	shree siddhi warehouse	8989033615	shreesiddhiwarehouse01@gmail.com	5631	offer
OFFER FEES	BILLDESK	DUK6332295	10-MAR-23	970	Completed Successfully	5103206998	Ashutosh Agrawal	9425034254	ashutosh.ashu511@gmail.com	970	offer fee
OFFER FEES	NETBANKING	DUK6332315	10-MAR-23	2729	Completed Successfully	2905206686	Sanjesh Jat	8629999649	sksk.jat22@gmail.com	2729	KRASHAK WAREHOUSE
OFFER FEES	NETBANKING	DUK6332178	10-MAR-23	5749	Completed Successfully	3703207763	CHITRAREKHA THAKUR	9472743724	chitrarekhathakur231@gmail.com	5749	FOR OFFER FEES
OFFER FEES	OTHERDCARD	DUK6332176	10-MAR-23	5768	Completed Successfully	1909206487	Jamana Patidar	9826026848	shantilogistics22@gmail.com	5768	
REGISTRATION FEE	NETBANKING	DUK6332199	10-MAR-23	2245	Completed Successfully	1210208671	RBS Warehouse	7415555621	gauravsinghsatna@gmail.com	2245	fee
OFFER FEES	NETBANKING	DUK6332402	10-MAR-23	13708	Completed Successfully	290618107	SURENDRA KAUSHAL	7509629869	kaushalsushant@gmail.com	13708	offer fees
OFFER FEES	BILLDESK	DUK6332230	10-MAR-23	3148.3	Completed Successfully	1807206719	Krishna Lal Khamoriya	9424893453	krishna.kbc88@gmail.com	3148.30	
REGISTRATION FEE	NETBANKING	DUK6332420	10-MAR-23	2226	Completed Successfully	2801208691	SEEMA GOUR	9753626408	niteshgour018@gmail.com	2226	FEE
OFFER FEES	SBDEBIT	DUK6332837	10-MAR-23	3636	Completed Successfully	2608208682	SHRI NARAYAN WAREHOUSE	8435786210	shivrajput900@gmail.com	3636	OFFER FEES
OFFER FEES	NETBANKING	DUK6332862	10-MAR-23	2725	Completed Successfully	2905205348	Sugna Jat	9893389298	sksk.khadav@gmail.com	2725	Shri Ram Warehouse
OFFER FEES	NETBANKING	DUK6332698	10-MAR-23	5613	Completed Successfully	1210208671	RBS Warehouse	7415555621	gauravsinghsatna@gmail.com	5613	fee
OFFER FEES	NETBANKING	DUK6332949	10-MAR-23	5566	Completed Successfully	2801208691	SEEMA GOUR	9753626408	niteshgour018@gmail.com	5566	fee
OFFER FEES	NETBANKING	DUK6333010	10-MAR-23	4996	Completed Successfully	3701207939	APARNA KHURANA	9425821843	padmavatiwarehouse2022@gmail.com	4996	FOR OFFER FEES
OFFER FEES	NETBANKING	DUK6333505	10-MAR-23	3885	Completed Successfully	3305207244	Raj Nandini Patel	9399432277	balajiagrowh@gmail.com	3885	offer
OFFER FEES	NETBANKING	DUK6333305	10-MAR-23	1332	Completed Successfully	2302193291	Manoj shivhare	9425078250	manojshivhare.660@gmail.com	1332	MP WAREHOUSING AND LOGISTICS CORPORATION OFFER FEES
OFFER FEES	BILLDESK	DUK6333545	10-MAR-23	1889	Completed Successfully	3306192676	PREMLAL SOUBHARI	9669886913	tarasoubhari@gmail.com	1889	OFFER FEES
OFFER FEES	BILLDESK	DUK6333548	10-MAR-23	12251	Completed Successfully	3701193068	RAHUL AGRAWAL	9009468468	sales@rhsolvex.in	12251	OFFER
REGISTRATION FEE	NETBANKING	DUK6333322	10-MAR-23	1294	Completed Successfully	2902208692	MAHAKAL WARE HOUSE	9993793467	riteshrj520@gmail.com	1294	MAHAKAL WARE HOUSE REG FEE PROP SMT NIRMALA JAISWAL
OFFER FEES	NETBANKING	DUK6333603	10-MAR-23	2925	Completed Successfully	3701193257	RAJKUMAR KHURANA	9425174543	rajendrabaghel62717@gmail.com	2925	for offer fees
OFFER FEES	NETBANKING	DUK6333169	10-MAR-23	2775	Completed Successfully	2706205614	PRAKASH BABU SEN	9425064252	narmdatraders15@gmail.com	2775	ANNAPURNA WAREHOUSE OFFER FEES
OFFER FEES	NETBANKING	DUK6333412	10-MAR-23	892	Completed Successfully	2302205938	MANOJ SHIVHARE	9425078250	manojshivhare.660@gmail.com	892	MpWarehousing And Logi.corp Offer Fees
OFFER FEES	NETBANKING	DUK6333858	10-MAR-23	5625	Completed Successfully	2706206673	POONAM SEN PRIYANKA SEN	8085252638	prakashsen310@gmail.com	5625	MAA ANNAPURNA WAREHOUSE
OFFER FEES	NETBANKING	DUK6334040	10-MAR-23	3691	Completed Successfully	3307207891	Yogita Patel	8827999948	jaiambeywhwh@gmail.com	3691	offer
REGISTRATION FEE	BILLDESK	DUK6333713	10-MAR-23	2310	Completed Successfully	2902208696	madhusudan warehouse	9826126674	anshpatidar2003@gmail.com	2310	registration fee of madhusudan warehouse
REGISTRATION FEE	NETBANKING	DUK6333744	10-MAR-23	2264	Completed Successfully	2908208695	JYOTEE SENDHAV	9584113805	jyoteesendhav@gmail.com	2264	VESNAVI WAREHOUSING
OFFER FEES	BILLDESK	DUK6334080	10-MAR-23	3234	Completed Successfully	2902208692	MAHAKAL WARE HOUSE	9993793467	riteshrj520@gmail.com	3234	OFFERE FEE MAHAKAL WARE HOUSE PROP NIRMALA JAISWAL
REGISTRATION FEE	OTHERDCARD	DUK6333789	10-MAR-23	1425	Completed Successfully	3206208697	R B WARE HOUSE	9406864333	ankrathore1987@gmail.com	1425	sapana rathore
OFFER FEES	BILLDESK	DUK6334110	10-MAR-23	5774	Completed Successfully	2902208696	madhusudan warehouse	9826126674	anshpatidar2003@gmail.com	5774	offer fee of madhusudan warehouse
REGISTRATION FEE	SBDEBIT	DUK6334181	10-MAR-23	2293	Completed Successfully	2603208698	JAI MAA ANNAPURNA WAREHOUSE	8962410227	ajitmeena1991@gmail.com	2293	registration fees
OFFER FEES	BILLDESK	DUK6334643	10-MAR-23	5508	Completed Successfully	4206206078	MAMTA WAREHOUSE AND AGRO SERVICES	6260970361	vikaskumarpatel98@gmail.com	5508	MAMTA WAREHOUSE AND AGRO SERVICES OFFER FOR THE YEAR
REGISTRATION FEE	BILLDESK	DUK6334662	10-MAR-23	1326	Completed Successfully	2801208700	RADHA GURJAR	9425072839	hemu0927@gmail.com	1326	REGISTRATION FEES
OFFER FEES	SBDEBIT	DUK6334656	10-MAR-23	5733	Completed Successfully	2603208698	JAI MAA ANNAPURNA WAREHOUSE	8962410227	ajitmeena1991@gmail.com	5733	OFFER FEES
OFFER FEES	SBDEBIT	DUK6334492	10-MAR-23	5784	Completed Successfully	2603207812	MALTI SHARMA	9826270229	kashiwarehouse68@gmail.com	5784	Offer Fee
OFFER FEES	NETBANKING	DUK6334779	10-MAR-23	2336	Completed Successfully	3701205936	KIRTI DUBEY	8770253295	suryadubey02208@gmail.com	2336	FOR OFFER FEES
OFFER FEES	NETBANKING	DUK6334912	10-MAR-23	5660	Completed Successfully	2908208695	JYOTEE SENDHAV	9584113805	jyoteesendhav@gmail.com	5660	VESNAVI WAREHOUSING
REGISTRATION FEE	BILLDESK	DUK6334617	10-MAR-23	2238	Completed Successfully	3001208693	SINGROLI WARE HOUSE	8871340280	mayanv022@gmail.com	2238	registration fees
OFFER FEES	BILLDESK	DUK6334628	10-MAR-23	3316	Completed Successfully	2801208700	RADHA GURJAR	9425072839	hemu0927@gmail.com	3316	OFFER FEES SONIKA WAREHOUSE
REGISTRATION FEE	NETBANKING	DUK6335251	10-MAR-23	636	Completed Successfully	2302203774	Manoj shivhare	9425078250	kashimraza10@gmail.com	636	MP warehousing and logi corp Registration Fees
OFFER FEES	OTHERDCARD	DUK6335098	10-MAR-23	3562	Completed Successfully	3206208697	R B WARE HOUSE	9406864333	ankrathore1987@gmail.com	3562	sapana rathore
OFFER FEES	BILLDESK	DUK6335342	10-MAR-23	5595	Completed Successfully	3001208693	singroli ware house	8871340280	mayankv022@gmail.com	5595	offer fees
OFFER FEES	CREDITCARD	DUK6335347	10-MAR-23	1181	Completed Successfully	2703193071	SAURABH	9893166978	saurabhjain0001@gmail.com	1181	
REGISTRATION FEE	BILLDESK	DUK6335393	10-MAR-23	1454	Completed Successfully	1008208702	ANITA DANGI	8839549969	thakurthanedar1978@gmail.com	1454	registration fee
REGISTRATION FEE	NETBANKING	DUK6335182	10-MAR-23	703	Completed Successfully	0303208662	Smt Priti Chaturvedi	6260920893	richpreeti00@gmail.com	703	Ragistration Fees
OFFER FEES	CREDITCARD	DUK6335638	10-MAR-23	2224	Completed Successfully	2703182130	SAURABH	9893166978	saurabhjain0001@gmail.com	2224	
OFFER FEES	NETBANKING	DUK6335571	10-MAR-23	3742	Completed Successfully	3304203902	Shakuntala Patel	7974197574	jk_patel52@yahoo.com	3742	offer
REGISTRATION FEE	NETBANKING	DUK6335676	10-MAR-23	1838	Completed Successfully	2907208704	GUNJAN SOLANKI	9617120304	indrapalsolanki88@gmail.com	1838	fee
OFFER FEES	NETBANKING	DUK6336033	10-MAR-23	1758	Completed Successfully	0303208662	Smt Priti Chaturvedi	6260920893	richpreeti00@gmail.com	1758	OFFER FEES
OFFER FEES	NETBANKING	DUK6335729	10-MAR-23	4594	Completed Successfully	2907208704	GUNJAN SOLANKI	9617120304	indrapalsolanki88@gmail.com	4594	FEE
REGISTRATION FEE	NETBANKING	DUK6335744	10-MAR-23	1600	Completed Successfully	1903208705	SUNITA PARMAR	9179113868	gparmar964@gmail.com	1600	WAREHOUSE REGISTRATION
OFFER FEES	BILLDESK	DUK6336057	10-MAR-23	3634	Completed Successfully	1008208702	ANITA DANGI	8839549969	thakurthanedar1978@gmail.com	3634	OFFER FEE
OFFER FEES	NETBANKING	DUK6335800	10-MAR-23	3999	Completed Successfully	1903208705	SUNITA PARMAR	9179113868	gparmar964@gmail.com	3999	OFFER 2023
OFFER FEES	BILLDESK	DUK6336199	10-MAR-23	517	Completed Successfully	1008193100	BANDANA RAJPUT	9993778240	baisaditya@gmail.com	517	offer fee
OFFER FEES	NETBANKING	DUK6336328	10-MAR-23	1125	Completed Successfully	2309205509	ANEKANT JAIN	9131126818	anekantsinghaiosr@gmail.com	1125	Y
REGISTRATION FEE	NETBANKING	DUK6336635	10-MAR-23	533	Completed Successfully	2302203423	MANISH KUMAR AWASTHI	9713093266	awasthimanishkumar@gmail.com	533	RAJISTRATION FEES
OFFER FEES	SBDEBIT	DUK6336687	10-MAR-23	5738	Completed Successfully	2801207344	MANU MAHESHWARI	7000267725	claim.maheshwari@gmail.com	5738	Offer fees Maheshwari warehousing and logistics malkari
REGISTRATION FEE	NETBANKING	DUK6336364	10-MAR-23	1720	Completed Successfully	1204208711	Bataiyanath warehouse	9039489290	Bataiyanathware@gmail.com	1720	fee
OFFER FEES	NETBANKING	DUK6336503	10-MAR-23	1332	Completed Successfully	2302203423	MANISH KUMAR AWASTHI	9713093266	awasthimanishkumar@gmail.com	1332	OFFER FEES
REGISTRATION FEE	BILLDESK	DUK6336379	10-MAR-23	2250	Completed Successfully	2905208709	Reena malviya	8770078942	reena.malviya19841@gmail.com	2250	Reg
OFFER FEES	NETBANKING	DUK6336384	10-MAR-23	4299	Completed Successfully	1204208711	Bataiyanath warehouse	9039489290	Bataiyanathware@gmail.com	4299	fee
REGISTRATION FEE	BILLDESK	DUK6336759	10-MAR-23	1294	Completed Successfully	2902208713	DEVANSH WARE HOUSE	9893008499	bantijaiswal683@gmail.com	1294	JVS REG FEE DEVANSH WARE HOUSE PROP SMT SUNITA JAISWAL
OFFER FEES	BILLDESK	DUK6336783	10-MAR-23	5625	Completed Successfully	2905208709	Reena malviya	8770078942	reena.malviya19841@gmail.com	5625	Offer
REGISTRATION FEE	BILLDESK	DUK6336833	10-MAR-23	2235	Completed Successfully	2201208712	NEW ARYA WAREHOUSE	9893875008	gaurigautam09@gmail.com	2235	REGISTRATION FEE BY GAURI GAUTAM PROPRITOR
OFFER FEES	NETBANKING	DUK6336566	10-MAR-23	7256	Completed Successfully	1202181256	Devraj Champa Rani Warehouse	6260723530	singhmeena62@gmail.com	7256	fee
REGISTRATION FEE	OTHERDCARD	DUK6336861	10-MAR-23	2250	Completed Successfully	1003208708	JAI MAHAVEER WAREHOUSING AND LOGISTICS	8770248689	JAIMAHAVEERWH@GMAIL.COM	2250	
REGISTRATION FEE	SBDEBIT	DUK6336887	10-MAR-23	965	Completed Successfully	2705208706	shivam logistics warehouse	9340921414	shivamdubey081998@gmail.com	965.00	REGISTRATION FEES
OFFER FEES	BILLDESK	DUK6337056	10-MAR-23	3234	Completed Successfully	2902208713	DEVANSH WARE HOUSE	9893008499	bantijaiswal683@gmail.com	3234	OFFER FEE JVS   DEVANSH WARE HOUSE PROP SMT SUNITA JAISWAL
OFFER FEES	OTHERDCARD	DUK6336888	10-MAR-23	5625	Completed Successfully	1003208708	JAI MAHAVEER WAREHOUSING AND LOGISTICS	8770248689	JAIMAHAVEERWH@GMAIL.COM	5625	
OFFER FEES	NETBANKING	DUK6336596	10-MAR-23	7209	Completed Successfully	1202204408	DEVRAJ CHAMPA RANI WAREHOUSE	9425172698	rishirajsinghhp@gmail.com	7209	fee
OFFER FEES	BILLDESK	DUK6337101	10-MAR-23	5588	Completed Successfully	2201208712	NEW ARYA WAREHOUSE	9893875008	gaurigautam09@gmail.com	5588	offer fee by gauri gautam propritor
REGISTRATION FEE	NETBANKING	DUK6337096	10-MAR-23	2250	Completed Successfully	3006208716	PREETI SAHU	9993660550	amitkumarsahu583@gmail.com	2250	MAA KARMA WAREHOUSING
OFFER FEES	NETBANKING	DUK6336613	10-MAR-23	5195	Completed Successfully	1202204475	Maa Pitambara industries	9425172698	maapitambaraindustries2020@gmail.com	5195	fee
OFFER FEES	SBDEBIT	DUK6336911	10-MAR-23	2412	Completed Successfully	2705208706	shivam logistics warehouse	9340921414	shivamdubey081998@gmail.com	2412	OFFER FEE
REGISTRATION FEE	BILLDESK	DUK6337236	10-MAR-23	1571	Completed Successfully	2801208715	Guddi Bai Thakur	9425896150	mukeshthakur.brs@gmail.com	1571	Registration Fee
REGISTRATION FEE	SBDEBIT	DUK6337189	10-MAR-23	1182	Completed Successfully	1706208346	SHJREE NARAYANI WAREHOUSE	9425105018	tcsureshgupta@gmail.com	1182	JV SCHEME REGISTRATION FEES
REGISTRATION FEE	OTHERDCARD	DUK6336953	10-MAR-23	2250	Completed Successfully	1003208718	SHRI MAHAVEER WAREHOUSING AND LOGISTICS	8770248689	SHRIMAHAVEERLOGISTICS@GMAIL.COM	2250	
OFFER FEES	NETBANKING	DUK6336957	10-MAR-23	5625	Completed Successfully	3006208716	PREETI SAHU	9993660550	amitkumarsahu583@gmail.com	5625	MAA KARMA WAREHOUSING
OFFER FEES	BILLDESK	DUK6337215	10-MAR-23	3927	Completed Successfully	2801208715	Guddi Bai Thakur	9425896150	mukeshthakur.brs@gmail.com	3927	Offer  Fee
OFFER FEES	NETBANKING	DUK6336979	10-MAR-23	3362	Completed Successfully	2706207139	RITU BHARGAV	9425344557	yogisironj@gmail.com	3362	PRIYA WAREHOUSE OFFER FEES
OFFER FEES	NETBANKING	DUK6337229	10-MAR-23	650	Completed Successfully	3705204073	RAI WAREHOUSE	9584543067	sharad.seoni.sspl@gmail.com	650	OFFER FEE for 3705204073
OFFER FEES	NETBANKING	DUK6337432	10-MAR-23	2955	Completed Successfully	1706208346	SHREE NARAYANI WAREHOUSE	9425105018	tcsureshgupta@gmail.com	2955	JV SCHEME OFFER FEES
REGISTRATION FEE	BILLDESK	DUK6337441	10-MAR-23	1353	Completed Successfully	2201208720	ARYA WAREHOUSE	9993545650	mukeshgautam1100@gmail.com	1353	registation fee by mukesh gautam propritor
OFFER FEES	BILLDESK	DUK6336987	10-MAR-23	5688	Completed Successfully	0403205809	MAA PITAMBRA WAREHOUSE VILLAGE GADHOTA TEHSIL BHITARWAR	9171824444	maapitambrawarehouse@gmail.com	5688	
OFFER FEES	BILLDESK	DUK6337439	10-MAR-23	2817	Completed Successfully	2906203643	Rukmani bai	9691222566	ramgour98@gmail.com	2817	Offer fees
OFFER FEES	NETBANKING	DUK6337460	10-MAR-23	1083	Completed Successfully	3705204073	RAI WAREHOUSE	9584543067	storkdigisol@gmail.com	1083	OFFER FEE FOR 3705205456
OFFER FEES	NETBANKING	DUK6337022	10-MAR-23	4802	Completed Successfully	2706206659	SANTOSHI BAI	9755176090	harisinghmemorial123@gmail.com	4802	SHRI HARI SINGH RAGHUWANSHI MEMORIAL  WAREHOUSE OFFER FEES
REGISTRATION FEE	BILLDESK	DUK6337026	10-MAR-23	1280	Completed Successfully	2801208703	Raman Yadav	8770020653	kuldeepy501@gmail.com	1280	Registration Fee
OFFER FEES	BILLDESK	DUK6337484	10-MAR-23	3383	Completed Successfully	2201208720	ARYA WAREHOUSE	9993545650	mukeshgautam1100@gmail.com	3383	offer fee by mukesh gautam propritor
OFFER FEES	NETBANKING	DUK6337644	10-MAR-23	5568	Completed Successfully	2706207431	SHARDA RAGHUWANSHI	9893874242	shreenathwarehouse@gmail.com	5568	SHREE NATH WAREHOUSE OFFER FEES
OFFER FEES	NETBANKING	DUK6337496	10-MAR-23	1547	Completed Successfully	3705207508	RAI WAREHOUSE	9584543067	skynet2400@gmail.com	1547	OFFER FEE FOR 3705207508
OFFER FEES	BILLDESK	DUK6337498	10-MAR-23	5688	Completed Successfully	0403205619	BHUMI WAREHOUSE VILLAGE GADHOTA TEHSIL BHITARWAR DIST GWALIOR MP	9827089780	bhumiwarehouse1@gmail.com	5688	



