Start Date	16/03/2024
End Date	16/03/2024

Category Name	Payment Mode	Bank Reference No	Transaction Date	Amount	Status	REGISTRATION ID	NAME OF DEPOSITOR	CONTACT NO.	EMAIL ID	FEE	Remarks
OFFER FEES	NETBANKING	DUM3798805	16-MAR-24	2921	Completed Successfully	2702205824	Meera Warehousing Co	7247363191	meerawarehousingco@gmail.com	2921	OFFER FEE
OFFER FEES	NETBANKING	DUM3798830	16-MAR-24	5749	Completed Successfully	3005208583	Yashrai	8109207488	yrai2921@gmail.com	5749	MJ INFRA FEE24-25 OFFER PAYMENT TO JVS AND MPWLC
OFFER FEES	NETBANKING	DUM3798836	16-MAR-24	3473	Completed Successfully	3006207598	SUSHEEL KUMAR GUPTA	6261522746	gupsushil73@gmail.com	3473	gupta w
OFFER FEES	NETBANKING	DUM3798697	16-MAR-24	5749	Completed Successfully	3002207180	Yashrai	8109207488	yrai2921@gmail.com	5749	YASH INFRA JVS24-25 FEE PAYMENT TO JVS TO MPWLC
REGISTRATION FEE	NETBANKING	DUM3798701	16-MAR-24	2250	Completed Successfully	2706209235	POONAM SEN	8085252638	poonamsenarj@gmail.com	2250	MAA ANNAPURNA WAREHOUSE
OFFER FEES	NETBANKING	DUM3798862	16-MAR-24	6067	Completed Successfully	5918479	PRITI JAIN	9893922210	praneiti@gmail.com	6067	KIRAN VEER L
OFFER FEES	NETBANKING	DUM3798863	16-MAR-24	5625	Completed Successfully	2706209235	POONAM SEN	8085252638	poonamsensrj@gmail.com	5625	MAA ANNAPURNA WAREHOUSE
REGISTRATION FEE	OTHERDCARD	DUM3799133	16-MAR-24	3375	Completed Successfully	300118221	URBAN LOGISTICS MPWLC	9826655778	iparvezindian@yahoo.com	3375	
OFFER FEES	NETBANKING	DUM3799146	16-MAR-24	5625	Completed Successfully	2102205597	RANJANA PALIWAL	9425487056	kushpaliwal11@gmail.com	5625	PALIWAL WAREHOUSE
OFFER FEES	NETBANKING	DUM3799161	16-MAR-24	3347	Completed Successfully	2102207426	RANJANA PALIWAL	9669440441	ranjupaliwal@gmail.com	3347	PALIWAL WAREHOUSE UNIT 2
OFFER FEES	OTHERDCARD	DUM3799166	16-MAR-24	8437	Completed Successfully	300118221	URBAN LOGISTICS MPWLC	9826655778	iparvezindian@yahoo.com	8437	OFFER FEE URBAN LOGISTICS
OFFER FEES	OTHERDCARD	DUM3799081	16-MAR-24	5631	Completed Successfully	3601207940	madnee fatima mansoori	9111586658	aayat.warehouse.786@gmail.com	5631	RABI 2024 25 aayat warehouse
OFFER FEES	OTHERDCARD	DUM3798920	16-MAR-24	1533	Completed Successfully	3601206016	shamimun nisha	9111586658	royalwerehouse@gmail.com	1533	Rabi 2024 25 royal warehouse
OFFER FEES	OTHERDCARD	DUM3799206	16-MAR-24	2808	Completed Successfully	3601207933	shamimun nisha	9111586658	malang.marai.warehouse@gmail.com	2808	Rabi 2024 25 Malang Marai Warehouse Unit 1
OFFER FEES	NETBANKING	DUM3799217	16-MAR-24	5733	Completed Successfully	0701208915	Anuradha sharma	7974075167	anilshrm121@gmail.com	5733	SHRI PARASHNATH WAREHOUSE SERVICES
REGISTRATION FEE	OTHERDCARD	DUM3799932	16-MAR-24	1220	Completed Successfully	3601204691	HEMANT PATEL	8770072442	ashishpatel2255@gmail.com	1220	REG FEES
REGISTRATION FEE	NETBANKING	DUM3799942	16-MAR-24	1908	Completed Successfully	0801204531	Vasudev patidar	9893016794	Vishal.patidar2008@gmail.com	1908	Vishal warehouse registration fee
OFFER FEES	NETBANKING	DUM3799668	16-MAR-24	5575	Completed Successfully	2901204909	Annapurna warehouse 27	9826931919	annapurnawarehousebilkishganj@gmail.com	5575	OFFER FEES
OFFER FEES	NETBANKING	DUM3800074	16-MAR-24	4500	Completed Successfully	3605209072	ANAND SAHU	9131780882	anandksahu19@gmail.com	4500	OFFER FEES
REGISTRATION FEE	NETBANKING	DUM3800192	16-MAR-24	2325	Completed Successfully	SHANTI WEARHOUSING	PRIYANKA PATEL	7000219754	PAVANPATEL1610@GMAIL.COM	2325	
OFFER FEES	CREDITCARD	DUM3800641	16-MAR-24	3451	Completed Successfully	2901209212	DEEPESH ASNANI	8827244456	nitinramani84@gmail.com	3451	From Deepesh Asnani Ware House Dehriya Khurd Bilkisgang Sehore
OFFER FEES	BILLDESK	DUM3800672	16-MAR-24	3134	Completed Successfully	2604206919	Jai Bhole Warehouse	9425477069	jaibholewarehouse@gmail.com	3134	Offer Fees
OFFER FEES	CREDITCARD	DUM3800678	16-MAR-24	3032	Completed Successfully	0602204658	MUSKAN WAREHOUSE	9926959370	VIRGUNA1980GMAIL.COM	3032	OFFER FEE
OFFER FEES	BILLDESK	DUM3800940	16-MAR-24	3398	Completed Successfully	2905208714	PUSHP LATA	8602328256	abhithakur330@gmail.com	3398	offers fees
OFFER FEES	NETBANKING	DUM3800792	16-MAR-24	3604	Completed Successfully	3701207971	PRATIBHA BAGHEL	9425010932	ajju.baghelthakur19@gmail.com	3604	FOR OFFER FEES
REGISTRATION FEE	SBDEBIT	DUM3800852	16-MAR-24	1123	Completed Successfully	3404204476	Noorjahan bee	7000832970	noorwarehousing@gmail.com	1123	Registration renewal
OFFER FEES	BILLDESK	DUM3801051	16-MAR-24	5740	Completed Successfully	2901208659	SHRI WAREHOUSE	7489408646	SHRIWAREHOUSE20233@GMAIL.COM	5740	OFFER FEES
OFFER FEES	OTHERDCARD	DUM3800922	16-MAR-24	4688	Completed Successfully	290618327	SANGEETA CHOUHAN	99930429988	CHOUHANTUSHAR1999@GMAIL.COM	4688	CHOUHAN WAREHOUSE OFFER IN JVS
OFFER FEES	NETBANKING	DUM3801352	16-MAR-24	5996	Completed Successfully	GOLWAR AGRO  LOGISTICS	RAJNI PATEL	7000219754	PAVANPATEL1610@GMAIL.COM	5996	GOLWAR AGRO LOGISTICS
OFFER FEES	NETBANKING	DUM3801251	16-MAR-24	4500	Completed Successfully	2906204979	Nutan	8982885428	priyesh2410@gmail.com	4500	Offer
OFFER FEES	NETBANKING	DUM3801628	16-MAR-24	7977	Completed Successfully	1603192630	SOVAP	7898903977	taxation@sonicbiochem.co.in	7977	OFFER FEES FOR SOVAP WAREHOUSE
REGISTRATION FEE	NETBANKING	DUM3801643	16-MAR-24	604	Completed Successfully	3201204714	KUSUM GUPTA	8839727617	ritesh1986gupta465687@gmail.com	604	REGISTRATION FEE
REGISTRATION FEE	NETBANKING	DUM3801659	16-MAR-24	1500	Completed Successfully	2907205338	KAMLA BAI	9981657640	yashcomputer08@gmail.com	1500	Registration Fee
OFFER FEES	NETBANKING	DUM3801652	16-MAR-24	3820	Completed Successfully	370818475	Anees Mohammad	9827540953	aneeskhan201818@gmail.com	3820	satpura agro warehouse offer fee
OFFER FEES	NETBANKING	DUM3801666	16-MAR-24	5625	Completed Successfully	2705206336	Himani Sharma	9669201888	betwawarehousingandlogistics@gmail.com	5625	for Betwa Warehouisng and Logistics
OFFER FEES	NETBANKING	DUM3801957	16-MAR-24	5808	Completed Successfully	4601205245	SWATI RAGHUWANSHI	9926555444	SATYAMSHIVAMSUNDERAM10000@GMAIL.COM	5808	OFFER
OFFER FEES	NETBANKING	DUM3801683	16-MAR-24	2583	Completed Successfully	3607207711	NAMITA BAGDE	7692819576	namitabagde01@gmail.com	2583	OFFER FEES
OFFER FEES	NETBANKING	DUM3801696	16-MAR-24	1917	Completed Successfully	3201193340	KUSUM GUPTA	8839727617	govind1959gupta@gmail.com	1917	OFFER FEE
OFFER FEES	NETBANKING	DUM3801884	16-MAR-24	4568	Completed Successfully	ASHIRWAD WAREHOUSING CHHUHHAR	NARENDRA SINGH KIRAR	7000219754	PAVANPATEL1610@GMAIL.COM	4568	OFFER FEE
OFFER FEES	NETBANKING	DUM3802160	16-MAR-24	3001	Completed Successfully	3607208928	NAMITA BAGDE	7692819576	namitabagde2@gmail.com	3001	OFFER FEES
OFFER FEES	NETBANKING	DUM3802084	16-MAR-24	7343	Completed Successfully	4601205263	SUSHMA JAIN	9407207232	NIKITAJAIN0779@GMAIL.COM	7343	OFFER
OFFER FEES	NETBANKING	DUM3802180	16-MAR-24	4688	Completed Successfully	2907206784	SEEMA GOUR	8989065930	seemagour01011981@gmail.com	4688	Registration fees
OFFER FEES	BILLDESK	DUM3802076	16-MAR-24	8928	Completed Successfully	1805205177	MANGAL MURTI LOGISTIC HUB	9425093658	mukeshladdha.ujjain@gmail.com	8928	Payment for jvs offer 2024
OFFER FEES	CREDITCARD	DUM3801913	16-MAR-24	5457	Completed Successfully	2703209183	SUNIL JAIN	7999505548	iccafe0001@gmail.com	5457	OFFER FEE
REGISTRATION FEE	BILLDESK	DUM3802399	16-MAR-24	949	Completed Successfully	2905209238	OMPRAKASH PANWAR	9425651290	OMPAWAR906@GMAIL.COM	949	REGISTRATION FEES
REGISTRATION FEE	OTHERDCARD	DUM3802441	16-MAR-24	2187	Completed Successfully	2601204847	BASANIYA WAREHOUSING	9977311711	kunwarrahul906@gmail.com	2187	registration fee
OFFER FEES	NETBANKING	DUM3802278	16-MAR-24	2243	Completed Successfully	290118553	VINAY SINGH GOUR	9893817019	vinaysinghgour@gmail.com	2243	Offer fees
OFFER FEES	NETBANKING	DUM3802289	16-MAR-24	5808	Completed Successfully	4601205227	NIKITA JAIN	9407207232	NIKITAJIAN0779@GMAIL.COM	5808	OFFER
OFFER FEES	NETBANKING	DUM3802308	16-MAR-24	2563	Completed Successfully	3708208538	nasreen begam	9425898602	itsnasreenbegam@gmail.com	2563	food grains warehouse offer fee
OFFER FEES	BILLDESK	DUM3802616	16-MAR-24	3373	Completed Successfully	2905209238	OMPRAKASH PANWAR	9425651290	OMPAWAR906@GMAIL.COM	3373	OFFER FEES
REGISTRATION FEE	BILLDESK	DUM3802753	16-MAR-24	3466	Completed Successfully	1901204982	SAGAR WAREHOUSE	9425317604	ssksmuswii09@hotmail.com	3466	registration fees
OFFER FEES	NETBANKING	DUM3802633	16-MAR-24	3188	Completed Successfully	3402209193	KRANTI GHOSHI	9424643139	kamleshghoshi048@gmail.com	3188	offer fee
OFFER FEES	BILLDESK	DUM3802645	16-MAR-24	4290	Completed Successfully	290618308	CHITRA NAGAR	9893987721	anshu.moile123@gmail.com	4290	OK
OFFER FEES	NETBANKING	DUM3802807	16-MAR-24	1161	Completed Successfully	290718548	RAM RATAN GOUR	9981657640	bharatsinghgour1970@gmail.com	1161	Offer Fees
REGISTRATION FEE	BILLDESK	DUM3802994	16-MAR-24	4989	Completed Successfully	1901204606	SAGAR WAREHOUSE	9425317610	vikram.agrawal@hotmail.com	4989	registration fees
REGISTRATION FEE	NETBANKING	DUM3803171	16-MAR-24	1292	Completed Successfully	3004203814	Mayuri Kothari	9893419499	mayurij09@gmail.com	1292	Registration Fee for nihal Warehousing Hub Obedullaganj
OFFER FEES	BILLDESK	DUM3802899	16-MAR-24	5603	Completed Successfully	2907206825	NILESH LOGISTIC	8319039788	NILESHLOGISTIC@GMAIL.COM	5603	OFFER FEES
OFFER FEES	OTHERDCARD	DUM3803187	16-MAR-24	14062.5	Completed Successfully	2701204800	SMT NEELAM SHUKLA	9074611111	mannanraza11111@gmail.com	14062.50	OFFER FEE
REGISTRATION FEE	NETBANKING	DUM3803429	16-MAR-24	1680	Completed Successfully	1707209236	MANOJ KALA	9893893920	rhydamkala@gmail.com	1680	
OFFER FEES	NETBANKING	DUM3803112	16-MAR-24	5062	Completed Successfully	3305205749	ADITYA KURARIYA	8989401110	adityakurariya22gmail.com	5062.00	Godown Offer Fees
REGISTRATION FEE	NETBANKING	DUM3803490	16-MAR-24	1863	Completed Successfully	2501204713	Renu Shukla	9589128800	harshitshukla05@gmail.com	1863	JVS Registration Renew fees from 16.03.2024
REGISTRATION FEE	NETBANKING	DUM3803492	16-MAR-24	4590	Completed Successfully	2801204224	JANKI DEVI AHIRWAR	9584028592	omsaiwarehouseberasia@gmail.com	4590.00	warehouse registration fees
REGISTRATION FEE	CREDITCARD	DUM3803541	16-MAR-24	1848	Completed Successfully	170718163	Prakash chand porwal	9981767629	kporwal181@gmail.com	1848	Gopal warehouse
OFFER FEES	NETBANKING	DUM3803955	16-MAR-24	5625	Completed Successfully	3207208977	SANTOSH BAI	6263792401	drajput2401@gmail.com	5625	Shri Sawariya warehouse Offer
OFFER FEES	NETBANKING	DUM3803889	16-MAR-24	4010	Completed Successfully	330318335	Deepa Yadav	9300436387	sachinyadavjabalpur@gmail.com	4010	Offer
OFFER FEES	OTHERDCARD	DUM3804067	16-MAR-24	5628	Completed Successfully	4101209046	LAKSHMI PATEL	9340619346	UDITPATHAK94@GMAIL.COM	5628	
OFFER FEES	NETBANKING	DUM3804107	16-MAR-24	5078	Completed Successfully	2905205584	MALVIYA WAREHOUSE	9754305786	savitamalviya5786@gmail.com	5078	OFFER FEES
OFFER FEES	NETBANKING	DUM3804122	16-MAR-24	4200	Completed Successfully	1707209236	MANOJ KALA	9893893920	rhydamkala@gmail.com	4200	SHREE NATH AGRA SERVICES TAL
REGISTRATION FEE	NETBANKING	DUM3804197	16-MAR-24	1905	Completed Successfully	3303203947	Aarti yadav	9300436387	aartiyadav3030@gmail.com	1905	Registration Renewal
OFFER FEES	NETBANKING	DUM3803714	16-MAR-24	2348	Completed Successfully	3201203772	RAVI KUMAR SHARMA	8770973413	r.sharma1521@gmail.com	2348	OFFER FEE
OFFER FEES	NETBANKING	DUM3804443	16-MAR-24	4792	Completed Successfully	2005204930	JYOTI SHARMA	9669443627	skskannod@gmail.com	4792	OFFER FEES
OFFER FEES	BILLDESK	DUM3804532	16-MAR-24	3452	Completed Successfully	2604206921	Nandkishor Logistics	8109304341	narayanagrwal18109@gmail.com	3452	Offer fees
OFFER FEES	OTHERDCARD	DUM3804498	16-MAR-24	3839	Completed Successfully	2905206064	Sandhya Khandelwal	9590586560	nimish9416@gmail.com	3839	Offer Fee of Kisan Warehouse
OFFER FEES	NETBANKING	DUM3804934	16-MAR-24	2062	Completed Successfully	2705208473	YUSUF KHAN	9753034798	azamdaroga@gmail.com	2062	OFFER FEE
REGISTRATION FEE	NETBANKING	DUM3804820	16-MAR-24	2272	Completed Successfully	2901204968	Ravindra Patidar	9893088218	maavijyasanwarehouse@gmail.com	2272	Ragistration Fees
OFFER FEES	BILLDESK	DUM3804686	16-MAR-24	5198	Completed Successfully	2603205549	ARUNA FOUZDAR	9893946420	Padmavatiwarehouse@gmail.com	5198	OFFER FEE
OFFER FEES	NETBANKING	DUM3804800	16-MAR-24	1125	Completed Successfully	3502203508	Radhey Shyam Agrawal warehouse	8770509231	radheyshyamwarehouse@gmail.com	1125	
OFFER FEES	NETBANKING	DUM3804890	16-MAR-24	5062	Completed Successfully	3305207927	ADITYA KURARIYA	8989401110	adityakurariya23gmail.com	5062.00	Godown Offer Fees
OFFER FEES	OTHERDCARD	DUM3805023	16-MAR-24	5608	Completed Successfully	2601207287	JAGDAMABA WAREHOUSE	9165933115	jitendrabhati4466@gmail.com	5608	OFFER FEE 2024 2025
OFFER FEES	NETBANKING	DUM3805346	16-MAR-24	2475	Completed Successfully	2707204050	SADGURU WAREHOUSE	8085351808	ravi_ssst@yahoo.com	2475	2024-24
OFFER FEES	OTHERDCARD	DUM3805350	16-MAR-24	1600	Completed Successfully	2710181174	Vinod Saxena	9993002664	vinodsaxenavs.123@gmail.com	1600	Offer Fee
OFFER FEES	NETBANKING	DUM3805225	16-MAR-24	3675	Completed Successfully	2905205585	S P M WAREHOUSE	9424442697	spmwarehousesehore@gmail.com	3675	OFFER FEES
REGISTRATION FEE	NETBANKING	DUM3805407	16-MAR-24	3285	Completed Successfully	270118625	ASHISH JAIN	9425431615	ashish31615@gmail.com	3285	
OFFER FEES	NETBANKING	DUM3805105	16-MAR-24	3763	Completed Successfully	3204207241	NISHMA GUPTA	9926908094	engryogeshgupta@gmail.com	3763	OFFER FEE
OFFER FEES	BILLDESK	DUM3805285	16-MAR-24	5219	Completed Successfully	2603205941	AKANKSHA FOUZDAR	9893946420	Mahaverwarehouse@gmail.com	5219	OFFER FEE
OFFER FEES	OTHERDCARD	DUM3805288	16-MAR-24	3261	Completed Successfully	1706203832	SONAL JAIN	7000082958	starmomentum89@gmail.com	3261.00	PLEASE SUBMIT ACKNOWLEDEMENT RECEIPT TO THE NEAREST MPWLC BRANCH
OFFER FEES	CREDITCARD	DUM3805479	16-MAR-24	2970	Completed Successfully	2703206342	ANKUR JAIN	8109035150	iccafe0001@gmail.com	2970	OFFER
OFFER FEES	OTHERDCARD	DUM3805493	16-MAR-24	4805	Completed Successfully	260118882	BABA RAMDEV WAREHOUSE	9754774434	babaramdev.warehouse@gmail.com	4805	offer fee 2024 2025
REGISTRATION FEE	OTHERDCARD	DUM3805562	16-MAR-24	990	Completed Successfully	2710203597	Devnarayan kirar	9617173413	ramjiwarehouse@gmail.com	990	Ragistration
REGISTRATION FEE	NETBANKING	DUM3805600	16-MAR-24	2288	Completed Successfully	2901204721	Raghu Warehouse	9425005938	raghuwarehousing@yahoo.com	2288	Ragistration Fees
OFFER FEES	NETBANKING	DUM3805833	16-MAR-24	3253	Completed Successfully	2303208052	VEERENDRA KUMAR JAIN	9685017301	adinathcomuterbamitha@gmail.com	3253	ADINATH WARE HOUSE
OFFER FEES	OTHERDCARD	DUM3806005	16-MAR-24	9885	Completed Successfully	2601205490	Manorama Raghuwanshi	9827059632	raghuwanshi.navneet@yahoo.in	9885	
REGISTRATION FEE	NETBANKING	DUM3805610	16-MAR-24	713	Completed Successfully	3201204118	CHAITANYA DANGRA	9893311347	maheshwariwarehouse04@gmail.com	713	REGISTRATION FEE
OFFER FEES	NETBANKING	DUM3805818	16-MAR-24	5600	Completed Successfully	3701206041	SADHNA SINGH SENGAR	9425174678	samriddhiwarehouseseoni@gmail.com	5600	offer fees
OFFER FEES	NETBANKING	DUM3806036	16-MAR-24	5842	Completed Successfully	0904207585	POONAM PATEL ANNAPURNA WAREHOUSE	7974624348	akhileshpatel2022@rediffmail.com	5842	
REGISTRATION FEE	NETBANKING	DUM3805905	16-MAR-24	1201	Completed Successfully	0606209239	SHRI HARI RADHA WAREHOUSE	8319045570	kirar.nandu@gmail.com	1201	Registration Fee
OFFER FEES	NETBANKING	DUM3806103	16-MAR-24	4757	Completed Successfully	2006204911	shakuntala sharam	9893584236	prakash.ps816@gmail.com	4757	offer fess dwrakadish warehouse
REGISTRATION FEE	NETBANKING	DUM3806038	16-MAR-24	1350	Completed Successfully	2906203494	CHITRA YADAV	9993700197	arpanyadav8602@gmail.com	1350	REGISTRATION FEES
OFFER FEES	NETBANKING	DUM3805681	16-MAR-24	5835	Completed Successfully	1301204057	DEVENDRA VERMA WAREHOUSE	9425928234	devendra.verma94259@gmail.com	5835	OFFER FEE
OFFER FEES	BILLDESK	DUM3806162	16-MAR-24	4500	Completed Successfully	260318048	AMAN FOUZDAR	9893946420	amanfouzdars@gmail.com	4500	OFFER FEE
REGISTRATION FEE	NETBANKING	DUM3805707	16-MAR-24	807	Completed Successfully	3201203474	CHAITANYA DANGRA	9893311347	shrijiwarehouse06@gmail.com	807	REGISTRATION FEE
OFFER FEES	OTHERDCARD	DUM3806195	16-MAR-24	2860	Completed Successfully	1706203735	KHUSHBU JAIN	9424898820	RAJRAJENDRA1@GMAIL.COM	2860.00	PLEASE SUBMIT ACKNOWLEDEMENT RECEIPT TO THE NEAREST MPWLC BRANCH
OFFER FEES	NETBANKING	DUM3806384	16-MAR-24	5977	Completed Successfully	3707207848	RUCHIKA TIWARI	9229262508	RICHIKATIWARI00@GMAIL.COM	5977	
OFFER FEES	OTHERDCARD	DUM3806448	16-MAR-24	2602	Completed Successfully	4601204921	SHRI GURU KRAPA WAREHOUSE	7470531313	atindersandhu40@gmail.com	2602.00	OFFER FEES
REGISTRATION FEE	NETBANKING	DUM3806295	16-MAR-24	2300	Completed Successfully	ANANT AGRO LOGISTICS	MAMTA KIARA	7000219754	PAVANPATEL1610@GMAIL.COM	2300	ANANT AGRO LOGI RGISTRA FEE
OFFER FEES	NETBANKING	DUM3806580	16-MAR-24	2347	Completed Successfully	230318547	VIMLA JAIN	9685017301	sjain141992@gmail.com	2347	
REGISTRATION FEE	NETBANKING	DUM3806515	16-MAR-24	1086	Completed Successfully	3305204140	VINOD PATEL	9300483446	0vinodpatel@gmail.com	1086.00	GODOWN REGISTRATION FEES
OFFER FEES	NETBANKING	DUM3806749	16-MAR-24	3615	Completed Successfully	3306205215	PRIYANKA PATEL	7987041239	yashrajpachori@gmail.com	3615	Offer
REGISTRATION FEE	BILLDESK	DUM3806607	16-MAR-24	1418	Completed Successfully	2603204554	AMAN FOUZDAR	9893946420	narmadawarehouse01@gmail.com	1418	Registration Fee
REGISTRATION FEE	NETBANKING	DUM3806788	16-MAR-24	469	Completed Successfully	2705181123	YUSUF KHAN	9753034798	daroga2013@yahoo.com	469	YUSUF WAREHOUSE REG FEE
REGISTRATION FEE	NETBANKING	DUM3806975	16-MAR-24	1017	Completed Successfully	4603193408	Kailash Devi Yadav	9826555826	siddeshwarwarehouseisagarh@gmail.com	1017	Registration Fees For 2024-25
OFFER FEES	CREDITCARD	DUM3806834	16-MAR-24	3772	Completed Successfully	1803205007	SMT Shiva Kumari	9754546782	rajensinghlinki086@gmail.com	3772	Offer Fees Submitted By Shiva Kumari
OFFER FEES	OTHERDCARD	DUM3807017	16-MAR-24	2857	Completed Successfully	2801208520	AMAR SINGH GURJAR	9893312953	maashardawarehouse2023@gmail.com	2857	offer fee for jvs 2024-25 maa sharda warehouse
OFFER FEES	NETBANKING	DUM3806894	16-MAR-24	5749	Completed Successfully	ANANT AGRO LOGISTICS	MAMTA KIARA	7000219754	PAVANPATEL1610@GMAIL.COM	5749	anant agro offer fee
OFFER FEES	NETBANKING	DUM3807137	16-MAR-24	3011	Completed Successfully	2703204430	HEMANT SINGH RAGHUWANSHI	9827540808	hemant.singh9775@gmail.com	3011	OFFER FEE
OFFER FEES	NETBANKING	DUM3806718	16-MAR-24	3003	Completed Successfully	0606209239	SHRI HARI RADHA WAREHOUSE	8319045570	kirar.nandu@gmail.com	3003	Offer Fee
OFFER FEES	NETBANKING	DUM3807164	16-MAR-24	2625	Completed Successfully	290618584	RAMSWAROOP YADAV	9993700197	pratha.chouhan@gmail.com	2625	OFFER FEES
OFFER FEES	NETBANKING	DUM3807537	16-MAR-24	4644	Completed Successfully	3005208161	MS GIRIRAJ WAREHOUSE	7389170073	pujagoydani@gmail.com	4644	OFFER FEE
OFFER FEES	BILLDESK	DUM3807337	16-MAR-24	4612	Completed Successfully	2906204886	madhav warehouse and agro park	9584085909	khandelwalgourav62@gmail.com	4612	
OFFER FEES	BILLDESK	DUM3807167	16-MAR-24	5156	Completed Successfully	3007203825	ASTIK WAREHOUSE UNIT-I	7773000624	artigangoliya19@gmail.com	5156	OFFER FEES
REGISTRATION FEE	CREDITCARD	DUM3807542	16-MAR-24	480	Completed Successfully	1804203627	SHIVSHKTI WAREHOUSE	8085395094	SHREESHIVSAKTIWAREHOUSE@gmail.com	480	
REGISTRATION FEE	NETBANKING	DUM3807311	16-MAR-24	1038	Completed Successfully	4603193407	JAYANTI YADAV	9425462552	gauriwarehouseisagarh@gmaiil.com	1038	Registration Fees For 2024-25
REGISTRATION FEE	NETBANKING	DUM3807565	16-MAR-24	1048	Completed Successfully	2303204333	VIMLA JAIN	9685017301	sapnawarehouse2@gmail.com	1048	SAPNA WAREHOUSE 2
OFFER FEES	NETBANKING	DUM3807431	16-MAR-24	5823	Completed Successfully	3004206755	ROHIT SINGH MAHAKAL WARHOUSE	9039204765	rohitmahakal1988@gmail.com	5823	
OFFER FEES	NETBANKING	DUM3807790	16-MAR-24	2250	Completed Successfully	290418851	Susheela chouhan	9993088299	chouhanwarehouse@gmail.com	2250	OFFER FEES
OFFER FEES	NETBANKING	DUM3807643	16-MAR-24	3164	Completed Successfully	3707192817	S S AGRO	9229262508	TIWARI.HARIOM@YAHOO.CO.IN	3164	OFFER FEES
OFFER FEES	NETBANKING	DUM3807827	16-MAR-24	3010	Completed Successfully	130118300	S K WAREHOUSE	8462933333	khandwatyping1@gmail.com	3010	OFFER FEE
OFFER FEES	NETBANKING	DUM3807494	16-MAR-24	5601	Completed Successfully	3207207382	ASHA DANGRA	9893311347	shreejiwarehouse2022@gmail.com	5601	OFFER FEE
REGISTRATION FEE	NETBANKING	DUM3807499	16-MAR-24	2278	Completed Successfully	2606203579	MAA VAISHNAVI WAREHOUSE	9425475366	sachinkatakwar7799@gmail.com	2278	REGISTRATION FEE
OFFER FEES	OTHERDCARD	DUM3807843	16-MAR-24	5647	Completed Successfully	2008205897	MANI BAI	9926918608	suyashjat12@gmail.com	5647	Offer Fees
OFFER FEES	NETBANKING	DUM3807858	16-MAR-24	5617	Completed Successfully	1104207504	Vaijanti Choubey	9425801368	radhawh@gmail.com	5617	offer
REGISTRATION FEE	OTHERDCARD	DUM3807938	16-MAR-24	2268	Completed Successfully	2906204935	RAJENDRA  KUMAR CHOUHAN	99930429988	CHOUHANTUSHAR1999@GMAIL.COM	2268	registration fees for ib warehouse II
OFFER FEES	NETBANKING	DUM3807703	16-MAR-24	3161	Completed Successfully	1805208519	SHANTA BAI	9926087931	rahul.sharma554555@gmail.com	3161	SHRI SITARAM WAREHOUSE 2
OFFER FEES	NETBANKING	DUM3807715	16-MAR-24	2166	Completed Successfully	2006207653	lila bai tada	8458840524	rupeshrathore2017@gmail.com	2166	offer fees
REGISTRATION FEE	NETBANKING	DUM3808161	16-MAR-24	1856	Completed Successfully	2901204922	ANMOL WAREHOUSE	9826023190	tvschandak@gmail.com	1856	REGISTRATION FEES
OFFER FEES	OTHERDCARD	DUM3808334	16-MAR-24	5974	Completed Successfully	1603203823	Sumit	8109893799	sumitudiya99@yahoo.com	5974	of
OFFER FEES	NETBANKING	DUM3807977	16-MAR-24	3750	Completed Successfully	2701208596	T.S. Chouksey Warehouse Unit-II	9826480317	ayushichouksey9176@gmail.com	3750	Offer fees
OFFER FEES	NETBANKING	DUM3808055	16-MAR-24	3740	Completed Successfully	3305207921	RAJENDRA SAHU	8717974069	rajendrakumar123sahu@gmail.com	3740.00	GODOWN OFFER FEES
OFFER FEES	NETBANKING	DUM3808082	16-MAR-24	5603	Completed Successfully	3705208312	SANGEETA DWIVEDI	8770171545	sangeetadwivedi0019@gmail.com	5603	OFFER FEES
OFFER FEES	NETBANKING	DUM3808360	16-MAR-24	2103	Completed Successfully	2007208366	Nilesh Singh Parmar	8225085368	ajayparmar6155@gamil.com	2103	Lakshman Warehouse
OFFER FEES	NETBANKING	DUM3808231	16-MAR-24	3407	Completed Successfully	2906203880	SHASHIKALAL GOUR YUG WAREHOUSE	9111911843	shailendra178929@gmail.com	3407	
OFFER FEES	OTHERDCARD	DUM3808024	16-MAR-24	2767.5	Completed Successfully	250118438	JITESH MISHRA	9926631465	jiteshmishra476@gmail.com	2767.50	ok
OFFER FEES	BILLDESK	DUM3808558	16-MAR-24	5586	Completed Successfully	2701208591	Krishna Manish Sanwal	9731299770	sa.reach@gmail.com	5586	
OFFER FEES	NETBANKING	DUM3808576	16-MAR-24	5977	Completed Successfully	3201207007	LALTA BAI	9691585485	sachinguptamsagro@gmail.com	5977	OFFER FEE
REGISTRATION FEE	NETBANKING	DUM3808737	16-MAR-24	1276	Completed Successfully	474019909	DURGESH DUBEY	9617063572	durgesh10893@gmail.com	1276	REG FEES
REGISTRATION FEE	NETBANKING	DUM3808745	16-MAR-24	1691	Completed Successfully	2705205048	RAJENDRA SINGH	9685892367	rajendrashingrusiya@gmail.com	1691	RAJENDRA SINGH WAREHOUSE REG RENEW FEE
OFFER FEES	BILLDESK	DUM3808593	16-MAR-24	5620	Completed Successfully	1601205088	Mohini Farkiya	9425105149	deepakfarkiya95@gmail.com	5620	Offer Fees
OFFER FEES	NETBANKING	DUM3808500	16-MAR-24	5616	Completed Successfully	2704208258	Sorabh Jain	8435911811	drsorabh555@gmail.com	5616	
REGISTRATION FEE	NETBANKING	DUM3808938	16-MAR-24	838	Completed Successfully	2303192800	HAFIZ MUHAMMAD	9425144056	shahbajmohammad786@gmail.com	838	SAI BABA WAREHOUSE
OFFER FEES	NETBANKING	DUM3808961	16-MAR-24	3516	Completed Successfully	2006206357	lila bai jat	9669407120	rupeshrathore560@gmail.com	3516	offer fees arshit warehouse
OFFER FEES	NETBANKING	DUM3808690	16-MAR-24	3375	Completed Successfully	3606208785	RISHABH KUMAR UIKEY	9604131950	rishabhkumaruikey@gmail.com	3375	offer fees
OFFER FEES	SBDEBIT	DUM3808716	16-MAR-24	6006	Completed Successfully	2902208149	Rina Thakur	8770885160	yogendrasingh6852@gmail.com	6006	Offer Fees
OFFER FEES	OTHERDCARD	DUM3809036	16-MAR-24	3347	Completed Successfully	2008207341	Sarojbai Rai	9754459893	sourabhrai3193@gmail.com	3347	Offer Fees
OFFER FEES	OTHERDCARD	DUM3808709	16-MAR-24	6005	Completed Successfully	2504207177	Saurabh Pandey	9685309383	Pandeysaurabh1993@gmail.com	6005	Offer fees
OFFER FEES	NETBANKING	DUM3808915	16-MAR-24	4410	Completed Successfully	2905205326	NEETU PARASHAR JAMNA PARASHAR AND SONS	9926056194	mahendraparashar.parashar@gmail.com	4410	
OFFER FEES	NETBANKING	DUM3809174	16-MAR-24	2470	Completed Successfully	2007208290	Suresh chandra Bijoniya	8058391519	suresh1920n@gmail.com	2470	Manvi Warehouse
OFFER FEES	CREDITCARD	DUM3809183	16-MAR-24	5589	Completed Successfully	3005205445	KIRAN RATHI	8770060735	RATHIBARELI321@GMAIL.COM	5589	
OFFER FEES	NETBANKING	DUM3808920	16-MAR-24	2770	Completed Successfully	2001208717	PAVITRA CHAUDHRI	9009007696	shubhamc6244@gmail.com	2770	ok
REGISTRATION FEE	NETBANKING	DUM3808896	16-MAR-24	2250	Completed Successfully	2906203808	OM LOGISTICS SERVICES	9893469610	swati25kesarwani@gmail.com	2250	Registration fee
OFFER FEES	NETBANKING	DUM3809555	16-MAR-24	3172	Completed Successfully	2008208322	Aruna Tada	9753326788	devlalkakawarehouse@gmail.com	3172	devlal kaka warehouse offer fees
REGISTRATION FEE	NETBANKING	DUM3809562	16-MAR-24	750	Completed Successfully	1803209244	PUNIT PATEL	9827560668	punit.kanaha1212@gmail.com	750	JAI PATEL WAREHOUSE
OFFER FEES	OTHERDCARD	DUM3809280	16-MAR-24	4100	Completed Successfully	3203205444	price warehouse	9575115233	patidarnikhil454@gmail.com	4100	offer fee of prince warehouse
OFFER FEES	NETBANKING	DUM3809320	16-MAR-24	3362	Completed Successfully	0508207056	RANJANA GUPTA	9893656631	agrawalharish610@gmail.com	3362	fees
REGISTRATION FEE	NETBANKING	DUM3809418	16-MAR-24	2408	Completed Successfully	4104204912	BMC GLOBAL WAREHOUSE	9926420550	jaiarchary214@gmail.com	2408	
OFFER FEES	NETBANKING	DUM3809434	16-MAR-24	1875	Completed Successfully	1803209244	PUNIT PATEL	9827560668	punit.kanaha1212@gmail.com	1875	JAI PATEL WAREHOUSE
REGISTRATION FEE	NETBANKING	DUM3809771	16-MAR-24	465	Completed Successfully	1301209247	VISHAL WAREHOUSE	7987852090	khandwatyping1@gmail.com	465	REGN FEE
OFFER FEES	NETBANKING	DUM3809445	16-MAR-24	2053	Completed Successfully	3708203728	Anuradha Jain	9977268888	anujain5739@gmail.com	2053	OFFER FEES
REGISTRATION FEE	OTHERDCARD	DUM3809807	16-MAR-24	1155	Completed Successfully	2906193288	new devshree warehouse	9575115233	patidarnikhil454@gmail.com	1155	registration fee of new devshree warehouse
OFFER FEES	NETBANKING	DUM3810149	16-MAR-24	4410	Completed Successfully	2905205329	SEEMA BAI PARASHAR MAA GEETA WAREHOUSE	8319027018	9826259483parasharraghav@gmail.com	4410	
OFFER FEES	BILLDESK	DUM3809850	16-MAR-24	6420	Completed Successfully	2006203438	RadhaAgrawal	9752274121	rahulgopalagrawal@gmail.com	6420	Offer fees of New Maa Narmada Warehouse (Branch -Khategaon)
OFFER FEES	BILLDESK	DUM3809705	16-MAR-24	5625	Completed Successfully	1706208631	Purnima Kataria	9425187138	nimiskataria20@gmail.com	5625.00	Offer fee
OFFER FEES	NETBANKING	DUM3809975	16-MAR-24	5522	Completed Successfully	3005205031	JANKEE THAKUR	8435752800	santoshthakur.009@gmail.com	5522	OFFER FEE KARTIK AGRO SERVICES
OFFER FEES	NETBANKING	DUM3809984	16-MAR-24	3975	Completed Successfully	3707207825	REETA AGRAWAL	7999085254	ISHAWAREHOUSE@GMAIL.COM	3975	offer fees
OFFER FEES	BILLDESK	DUM3810202	16-MAR-24	5625	Completed Successfully	2601204605	PANCHMUKHI WAREHOUSE	9977328128	randheerraghuwanshi007@gmail.com	5625	OFFER 2024 2025
OFFER FEES	NETBANKING	DUM3810079	16-MAR-24	2201	Completed Successfully	0801209248	SHYAMU CHOUDHARY	9755584050	devc4434@gmail.com	2201	offer fees
OFFER FEES	NETBANKING	DUM3810387	16-MAR-24	5497	Completed Successfully	3201204758	SUMITRA BAI SHARMA	8770973413	r.sharma15@yahoo.com	5497	OFFER FEE
OFFER FEES	NETBANKING	DUM3810273	16-MAR-24	3209	Completed Successfully	2303208559	KHURSHEED BEGAM	7898192786	jk236496@gmail.com	3209	BABA SAI WARE HOUSE
REGISTRATION FEE	BILLDESK	DUM3810103	16-MAR-24	2999	Completed Successfully	4105204975	MOKSHADA GADRE	7999644872	yogeshwariagro1@gmail.com	2999	OK
OFFER FEES	NETBANKING	DUM3810446	16-MAR-24	5625	Completed Successfully	1601193389	dhapu bai patidar	9926273434	lalitpatidar6797@gmail.com	5625	offer fees
OFFER FEES	NETBANKING	DUM3810574	16-MAR-24	1155	Completed Successfully	1301209247	VISHAL WAREHOUSE	7987852090	khandwatyping1@gmail.com	1155	OFFER FEE
OFFER FEES	NETBANKING	DUM3810492	16-MAR-24	5625	Completed Successfully	2906181063	Shashi Agrawal	9200465280	jspd@gmail.com	5625	Shashi Warehouse
OFFER FEES	NETBANKING	DUM3810749	16-MAR-24	2927	Completed Successfully	2006208334	DIPIKA TADA	9753326788	dayaramwarehouse@gmail.com	2927	offer fees dayaram warehouse
OFFER FEES	NETBANKING	DUM3810796	16-MAR-24	2742	Completed Successfully	3204204757	MINA UPADHYAY	9993365055	upadhyay.manish55@yahoo.com	2742	OFFER FEE
OFFER FEES	OTHERDCARD	DUM3810648	16-MAR-24	5634	Completed Successfully	2802205192	brijesh chaurasia	9575115233	patidarnikhil454@gmail.com	5634	offer fee of devshree agro
REGISTRATION FEE	BILLDESK	DUM3810660	16-MAR-24	2299	Completed Successfully	4105205449	MOKSHADA GADRE	7999644872	adinathagro2@gmail.com	2299	OK
REGISTRATION FEE	NETBANKING	DUM3810971	16-MAR-24	3731	Completed Successfully	2904192794	Manohar Singh Rajput	9993434399	manoharsinghrajput97@gmail.com	3731	registration fees
OFFER FEES	NETBANKING	DUM3810966	16-MAR-24	5852	Completed Successfully	2705208527	PRAN SINGH	9893333178	PRANSINGH121@GMAIL.COM	5852	OFFER FEE FOR PRAN SINGH WAREHOUSE
OFFER FEES	NETBANKING	DUM3810999	16-MAR-24	1354	Completed Successfully	3705181382	GUPTA WAREHOUSE	9981122939	ankitsudamagupta@gmail.com	1354	
OFFER FEES	BILLDESK	DUM3811032	16-MAR-24	4485	Completed Successfully	2006207556	SHREE OM LEELA WAREHOUSE	9977951122	patelpankaj011@gmail.com	4485	OFFER 2024 2025
REGISTRATION FEE	NETBANKING	DUM3811368	16-MAR-24	500	Completed Successfully	0804181579	MUKESH PATEL	8085365142	shriganesh1213@gmail.com	500	renew fees
OFFER FEES	OTHERDCARD	DUM3811387	16-MAR-24	5775	Completed Successfully	2802203748	HD warehouse	9575115233	patidarnikhil454@gmail.com	5775	offer fee of hd warehouse
REGISTRATION FEE	OTHERDCARD	DUM3811240	16-MAR-24	1800	Completed Successfully	2801209249	ARCHANA JAIN	9300628126	dcwarehousebarribagraj@gmail.com	1800	REGISTRATION FEE
REGISTRATION FEE	NETBANKING	DUM3811498	16-MAR-24	1328	Completed Successfully	2906204937	Lalit Kumar Nagar	9229413750	lalitnagar3750@gmail.com	1328	Registration Fees
OFFER FEES	NETBANKING	DUM3811614	16-MAR-24	7856	Completed Successfully	0601181777	SAI WAREHOUSE	9425132447	shrisaico@rediffmail.com	7856	OFFER FEE
OFFER FEES	NETBANKING	DUM3811728	16-MAR-24	4690	Completed Successfully	2905207176	Sanjeev Maheswari	9977990011	babuji1976@rediffmail.com	4690	SHRI GOVERDHAN WAREHOUSE
REGISTRATION FEE	NETBANKING	DUM3811742	16-MAR-24	807	Completed Successfully	370818661	MEENA JAIN	9977268888	paras_dhanora@bharatgas.in	807	REGISTRATION FEE
OFFER FEES	SBDEBIT	DUM3811504	16-MAR-24	2498	Completed Successfully	2204205569	Mahendra Panwar	9754169027	mhndrsngh.panwar@gmail.com	2498	
OFFER FEES	OTHERDCARD	DUM3811673	16-MAR-24	8993	Completed Successfully	2802203541	AAKASH PATIDAR	9755447975	AKASH.PATIDAR@GMAIL.COM	8993	
OFFER FEES	NETBANKING	DUM3811815	16-MAR-24	1809	Completed Successfully	0104209073	GAMBHIR	9893612508	ry37845@gmail.com	1809	OFFER FESS
REGISTRATION FEE	SBDEBIT	DUM3811690	16-MAR-24	1019	Completed Successfully	3403204507	sai sirdha warehouse 02	9340768068	kharyapramodkumar@84gmail.com	1019	registration fee
OFFER FEES	CREDITCARD	DUM3812011	16-MAR-24	3105	Completed Successfully	1805207962	Shelendra Singh Parma	9753022050	mahendrasinghpawar233@gmail.com	3105	Offer Fee Submitted By Shelendr Singh
REGISTRATION FEE	NETBANKING	DUM3812097	16-MAR-24	740	Completed Successfully	2303203533	GIRJA GUPTA	9893011762	rahulmedical762@gmail.com	740	GIRJA WARE HOUSE
OFFER FEES	CREDITCARD	DUM3812537	16-MAR-24	3400	Completed Successfully	1805206598	Ravindra Rajoria	9329477700	Khandelwalagroprotucts@gmail.com	3400	offer fee submitted by ravindra rajoriya
REGISTRATION FEE	NETBANKING	DUM3812248	16-MAR-24	2250	Completed Successfully	2701204234	Shourya Warehouse	9425158588	suyashbhargava1@gmail.com	2250	Warehouse Registration Fees  Joint Venture Scheme
OFFER FEES	NETBANKING	DUM3812278	16-MAR-24	3748	Completed Successfully	3104207810	USHA GUPTA	7987712917	gdevesh13@gmail.com	3748	NIL
OFFER FEES	NETBANKING	DUM3812426	16-MAR-24	5719	Completed Successfully	2901208597	Bijoria Warehouse	9893483963	bijoria.kk@gmail.com	5719	OFFER FEES
OFFER FEES	BILLDESK	DUM3812552	16-MAR-24	4131	Completed Successfully	2601181152	DHANLAXMI BHANDAR GRAH	9926410451	luckyji2013@gmail.com	4131	offer fee 2024 2025
OFFER FEES	NETBANKING	DUM3812447	16-MAR-24	1875	Completed Successfully	2404204512	Sai Dwarka Warehouse	8770065739	parikshitdasoundhi@yahoo.com	1875	ok
OFFER FEES	CREDITCARD	DUM3812479	16-MAR-24	5611	Completed Successfully	1805206761	geeta bai	9425092734	shrimrityunjay123@gmail.com	5611	offer fee submitted by bharat singh
OFFER FEES	CREDITCARD	DUM3812452	16-MAR-24	5749	Completed Successfully	3002209233	DEEPALI MAHESHWARI	8770060735	RATHIBARELI321@GMAIL.COM	5749	
OFFER FEES	NETBANKING	DUM3812632	16-MAR-24	5593	Completed Successfully	4103206789	PURNIMA RAJPOOT	7869727308	vijayshreewarehouse953@gmail.com	5593	ok
OFFER FEES	NETBANKING	DUM3812615	16-MAR-24	4500	Completed Successfully	2802205211	LATA PATIDAR	9981209982	Dhanwantiwarehouse13@gmail.com	4500	OFFER FEE
REGISTRATION FEE	NETBANKING	DUM3812648	16-MAR-24	796	Completed Successfully	2301209251	RAM PRASAD AGRAWAL	9425879555	skp66075@gmail.com	796	Jatashankar Warehouse Registration Fees
OFFER FEES	OTHERDCARD	DUM3812325	16-MAR-24	3267	Completed Successfully	3007205681	Seema Rathi	9755706484	sumitrathi616@gmail.com	3267	RAthi Agro and WArehousing Offer FOR JVS 24 25
OFFER FEES	NETBANKING	DUM3812515	16-MAR-24	5812	Completed Successfully	2605205988	GOVERDHAN WAEHOUSE	9179670445	Durgarai0017@gmail.com	5812	OFFER FEE
OFFER FEES	BILLDESK	DUM3812776	16-MAR-24	5704	Completed Successfully	2601204289	RAGHUWANSHI WAREHOUSE	9926410451	rajatraghuwanshi2000@gmail.com	5704	OFFER 2024 2025
OFFER FEES	NETBANKING	DUM3812950	16-MAR-24	5653	Completed Successfully	3707209158	REENU CHOURASIA	9425796675	amit.chourasia22@yahoo.com	5653	offer fees
OFFER FEES	CREDITCARD	DUM3812717	16-MAR-24	10463	Completed Successfully	180318332	Ravindra Rajoria	9329477700	marutiwarehousinghcorp@gmail.com	10463	offer fee submitted by ravindra rajoriya
OFFER FEES	NETBANKING	DUM3813007	16-MAR-24	5544	Completed Successfully	3708207783	Anuradha Jain	9977268888	adinathwh5739@gmail.com	5544	OFFER FEES
REGISTRATION FEE	NETBANKING	DUM3813014	16-MAR-24	2413	Completed Successfully	2605203868	MAHADEV WAREHOUSE	8888885696	mohitdudani@gmail.com	2413	REGISTRATION FEE
OFFER FEES	NETBANKING	DUM3813138	16-MAR-24	5951	Completed Successfully	3107206540	BALAJIWAREHOUSE	9425402418	VAGRAWAL819@GMAIL.COM	5951	MPWLC BRANCH SHAHPUR
OFFER FEES	NETBANKING	DUM3813073	16-MAR-24	3562	Completed Successfully	0108206191	GAMBHIR	9893612508	gamvir32@gmail.com	3562	OFFER FESS
REGISTRATION FEE	NETBANKING	DUM3813210	16-MAR-24	2186	Completed Successfully	3401209252	Kranti Silawat30/	9981673477	krantisilawat849@gmail.com	2186	Ragistration Fee
OFFER FEES	NETBANKING	DUM3813110	16-MAR-24	1970	Completed Successfully	1803208724	PRIYANKA TIWARI	9826762626	mayur_ujjain@yahoo.com	1970	TIWARI WAREHOUSE
OFFER FEES	NETBANKING	DUM3813341	16-MAR-24	5848	Completed Successfully	4101206868	MAA AMRITA WAREHOUSE	9977066789	maaamritawarehouse@gmail.com	5848	
OFFER FEES	NETBANKING	DUM3813233	16-MAR-24	5589	Completed Successfully	3005205011	Bhavana Shandilya	9301411339	siddharth.shandilyabareli@gmail.com	5589	OFFER FOR RABI 2024-25
OFFER FEES	NETBANKING	DUM3813544	16-MAR-24	5480	Completed Successfully	300518095	DEEPAK MAHESHWARI	9993154399	deepak55maheshwari@gmail.com	5480	OFFER FEE MAA KRIPA AGRO COMPLEX
OFFER FEES	NETBANKING	DUM3813264	16-MAR-24	1050	Completed Successfully	3201204053	SEEMA SONI	9993150901	saritasoniji1111@gmail.com	1050	OFFER FEE
OFFER FEES	NETBANKING	DUM3813261	16-MAR-24	3906	Completed Successfully	1303204683	ANNAPURNA AGRO / PRAGATI PATEL	9926510716	PANKAJPATEL.IT@GMAIL.COM	3906	OFFER FEES
REGISTRATION FEE	OTHERDCARD	DUM3813253	16-MAR-24	1307	Completed Successfully	3007205681	Seema Rathi	9755706484	sumitrathi616@gmail.com	1307	RAthi Agro And Warehouse REgistration REnew
OFFER FEES	SBDEBIT	DUM3813376	16-MAR-24	1798	Completed Successfully	3403206315	DM warehouse	9516057360	sahuurmila916@gmail.com	1798	OFFER FEES
OFFER FEES	NETBANKING	DUM3813595	16-MAR-24	938	Completed Successfully	0607206300	GULMOHAR	9893757361	fahim8644@gmail.com	938	offer amount
OFFER FEES	NETBANKING	DUM3813614	16-MAR-24	4032	Completed Successfully	2007206885	Gaurav Soni	9826914366	warehouselimboda@gmail.com	4032	Chhatrapati Warehouse
OFFER FEES	NETBANKING	DUM3813665	16-MAR-24	5788	Completed Successfully	2606204640	ANANTA WAREHOUSING	9425040874	poonam.rathi22@gmail.com	5788	OFFER FEE
OFFER FEES	NETBANKING	DUM3813945	16-MAR-24	1998	Completed Successfully	1803208873	ANURAG PANDYA	9424553111	anuragindia3333@yahoo.com	1998	ATHARAV WAREHOUSE
OFFER FEES	NETBANKING	DUM3813930	16-MAR-24	4743	Completed Successfully	3107208833	BALAJIWAREHOUSE2	9425402418	VAGRAWAL819@GMAIL.COM	4743	MPWLC BRANCH SHAHPUR
OFFER FEES	NETBANKING	DUM3813993	16-MAR-24	1990	Completed Successfully	2301209251	RAM PRASAD AGRAWAL	9425879555	skp66075@gmail.com	1990	Jatashankar Warehouse Offer Fees
OFFER FEES	NETBANKING	DUM3814009	16-MAR-24	5981	Completed Successfully	2606204381	LAXMI WAREHOUSING	9425044101	sachinrathi.mba04@gmail.com	5981	OFFER FEE
OFFER FEES	NETBANKING	DUM3813822	16-MAR-24	5463	Completed Successfully	3401209252	Kranti Silawat	9981673477	krantisilawat849@gmail.com	5463	Offer Fee
OFFER FEES	NETBANKING	DUM3813969	16-MAR-24	5692	Completed Successfully	3404207736	keshar bai patel	7771043568	keshwanandwarehousing@gmail.com	5692	offer payment
OFFER FEES	NETBANKING	DUM3814030	16-MAR-24	5440	Completed Successfully	2001205366	SHEETAL KHANDELWAL	9074255590	hariagrowarehouse@gmail.com	5440	offer fees shri hari agro warehouse
REGISTRATION FEE	NETBANKING	DUM3813831	16-MAR-24	2252	Completed Successfully	1105209253	AISHWARYA RAI	7067021111	aishwaryaraidamoh@gmail.com	2252	
REGISTRATION FEE	NETBANKING	DUM3814011	16-MAR-24	2288	Completed Successfully	3005205058	SEEMA RAI	8109347898	pritesh_rai@yahoo.co.in	2288.00	REGISTRATION FEES 2024-25
REGISTRATION FEE	NETBANKING	DUM3814158	16-MAR-24	2261	Completed Successfully	040318083	NEETU RAWAT	9770000074	jpsrwarehouse@gmail.com	2261	REGISTRAION FEES
REGISTRATION FEE	NETBANKING	DUM3814079	16-MAR-24	975	Completed Successfully	2906205527	ROHIT NAGAR	7898199461	rohitmp12345nagar@gmail.com	975	Registration Fees
OFFER FEES	CREDITCARD	DUM3814088	16-MAR-24	2244	Completed Successfully	1803205804	SMT  Sonu Solanki	9340151595	gabbarbana143@gmail.com	2244	offer fee submitted by Sonu solamki
OFFER FEES	NETBANKING	DUM3813878	16-MAR-24	4725	Completed Successfully	4105209050	VIDHYA WAREHOUSE	9770962911	rohitkushwah.marine@gmail.com	4725	ok
OFFER FEES	NETBANKING	DUM3814189	16-MAR-24	5625	Completed Successfully	3004205481	NEHA CHOUHAN NEHA WAREHOUSE	7999868089	singhchouhan81@gmail.com	5625	
OFFER FEES	NETBANKING	DUM3813886	16-MAR-24	4118	Completed Successfully	2606203578	ASTHA WAREHOUSING & LOGISTICS CORPORATION	9424060123	kabraji@gmail.com	4118	OFFER FEE
OFFER FEES	NETBANKING	DUM3813866	16-MAR-24	5941	Completed Successfully	4102207202	ASHIRWAD WAREHOUSE	9424816429	ASHIRWADWAREHOUSE29@GMAIL.COM	5941	0FFER FEES
OFFER FEES	NETBANKING	DUM3814196	16-MAR-24	4155	Completed Successfully	2404204519	Radh Warehouse	9425087098	aayushkgn@gmail.com	4155	ok
OFFER FEES	NETBANKING	DUM3814361	16-MAR-24	2437	Completed Successfully	2906205527	Rohit Nagar	7898199461	rohitmp12345nagar@gmail.com	2437	Offer Fees
REGISTRATION FEE	BILLDESK	DUM3814123	16-MAR-24	1221	Completed Successfully	3003204239	DIVYA PATEL	7693069207	dishantmega@gmail.com	1221	registrationfees
OFFER FEES	OTHERDCARD	DUM3814418	16-MAR-24	2935	Completed Successfully	0505203812	Rawat Warehouse	8878310000	bhupendrasinghrawat8385@gmail.com	2935.00	Offer fees
OFFER FEES	NETBANKING	DUM3814498	16-MAR-24	5414	Completed Successfully	0104205503	anil mishra	9926711100	anilmishra0887@gmail.com	5414	offer fees
REGISTRATION FEE	NETBANKING	DUM3814517	16-MAR-24	3736	Completed Successfully	3302193361	Shaifali Dwivedi	7864087171	shividwivedi18@gmail.com	3736	offer
OFFER FEES	OTHERDCARD	DUM3814664	16-MAR-24	4348.5	Completed Successfully	2902209166	SONA LOGISTICS	7000090663	mahendraverma11@yahoo.com	4348.50	offer
OFFER FEES	BILLDESK	DUM3814667	16-MAR-24	3579	Completed Successfully	0104209157	SUDHA SIKARWAR	9981423880	raghavwarehous2024@gmail.com	3579	
OFFER FEES	NETBANKING	DUM3814981	16-MAR-24	3980	Completed Successfully	2905205615	BHARAT WAREHOUSE RALA	9926394097	bbhati824@gmail.com	3980	OFFER FEES
OFFER FEES	SBDEBIT	DUM3814819	16-MAR-24	1798	Completed Successfully	3403206312	PRATEEK WAREHOUSE	9516057360	urmelasahu778@gmail.com	1798	offer fees
OFFER FEES	OTHERDCARD	DUM3814978	16-MAR-24	5588	Completed Successfully	3004205341	SANATAN WAREHOUSE	9630033222	sanatanwarehouse@gmail.com	5588	
OFFER FEES	NETBANKING	DUM3814842	16-MAR-24	5504	Completed Successfully	1304206558	MANJU PATEL WAREHOUSE	9826344111	PRITAMPATEL1977@GMAIL.COM	5504	OFFER FEES
OFFER FEES	NETBANKING	DUM3815009	16-MAR-24	9844	Completed Successfully	0104208807	anil mishra	9926711100	anilmishra0887@gmail.com	9844	offer fees
REGISTRATION FEE	NETBANKING	DUM3815023	16-MAR-24	1789	Completed Successfully	010318252	MEETESH DWIVEDI	9971723013	MEETDW@GMAIL.COM	1789	Registration fees for Mahant warehouse, Tehsil Lahar, Moja kilampura. Distt Bhind
OFFER FEES	NETBANKING	DUM3814905	16-MAR-24	5709	Completed Successfully	2606204965	WAHEGURU WAREHOUSING	9993206263	vinaypinjani1992@gmail.com	5709	OFFER FEE
OFFER FEES	NETBANKING	DUM3815120	16-MAR-24	2207	Completed Successfully	110418812	ANITA CHOUBEY	9425151059	anitachoubey1966@gmail.com	2207	Offer
OFFER FEES	OTHERDCARD	DUM3815125	16-MAR-24	3000	Completed Successfully	4503208913	SWATI SINGH BAGHEL	8889188064	dsinghatcanuppur@gmail.com	3000.00	OFFER FEES
REGISTRATION FEE	SBDEBIT	DUM3815555	16-MAR-24	3150	Completed Successfully	2902209225	Vishal Shivhare	7000165018	kanchanshivhare1234@gmail.com	3150	Registration Fees
OFFER FEES	CREDITCARD	DUM3815443	16-MAR-24	5745	Completed Successfully	3003207820	MADHU MAHESHWARI	8770060735	RATHIBARELI321@GMAIL.COM	5745	
OFFER FEES	BILLDESK	DUM3815442	16-MAR-24	5805	Completed Successfully	2604208855	Madhvendra paliwal	8770722185	kanhapaliwal91@gmail.com	5805	Offer fees
OFFER FEES	NETBANKING	DUM3815474	16-MAR-24	5576	Completed Successfully	2607203952	GOPAL WAREHOUSING	9893730740	gopaltradingbankhedi888@gmail.com	5576	OFFER FEE
OFFER FEES	OTHERDCARD	DUM3815777	16-MAR-24	5711	Completed Successfully	2606205712	Aditya Sahu	9004007486	sahuadityasahu@gmail.com	5711	
OFFER FEES	BILLDESK	DUM3815593	16-MAR-24	5433	Completed Successfully	2907205671	MANJU SINGH CHOUHAN	9425300116	drnirajkumar61@gmail.com	5433	OFFER FEE
REGISTRATION FEE	NETBANKING	DUM3815600	16-MAR-24	2260	Completed Successfully	3001203759	Shikha Jain	8989148388	chinmaywarehousing@gmail.com	2260	
OFFER FEES	NETBANKING	DUM3815619	16-MAR-24	1211	Completed Successfully	2002208435	vikram patel	9340522320	vikrampatel1223@gmail.com	1211	offer fees
OFFER FEES	BILLDESK	DUM3815475	16-MAR-24	6600	Completed Successfully	3003205282	YOGENDRA PATEL	9009399207	dishantgrand@gmail.com	6600	offerfees
REGISTRATION FEE	NETBANKING	DUM3815509	16-MAR-24	1280	Completed Successfully	3004204950	ALAKNANDA NAGAR SHRI PRATAPWAREHOUSE UNIT II	7000744429	shripratapwarehouse@gmail.com	1280	
OFFER FEES	NETBANKING	DUM3815496	16-MAR-24	1941	Completed Successfully	0704208363	VAISHNAVI WAREHOUSE MAHONAJAAT	9993113808	brajraj422@gmail.com	1941	offers fees
OFFER FEES	SBDEBIT	DUM3815847	16-MAR-24	7825	Completed Successfully	2902209225	Vishal Shivhare	7000165018	kanchanshivhare1234@gmail.com	7825	Offer Fees
OFFER FEES	OTHERDCARD	DUM3815635	16-MAR-24	4500	Completed Successfully	2801209249	ARCHANA JAIN	9300628126	dcwarehousebarribagraj@gmail.com	4500	offer fee for jvs 2024-25 DC WAREHOUSE
OFFER FEES	NETBANKING	DUM3815646	16-MAR-24	4536	Completed Successfully	290718466	SHASHANK SAXENA	8800813248	pramodbhawsar0099@gmail.com	4536	OFFER FEES
OFFER FEES	OTHERDCARD	DUM3815618	16-MAR-24	5700	Completed Successfully	2901206982	Ruma Patidar	8878702202	patidarruma81@gmail.com	5700	vinayak warehouse offer fees
OFFER FEES	SBDEBIT	DUM3815862	16-MAR-24	1798	Completed Successfully	3403206314	PRIYA WAREHOUSE	9826469210	ps7064594@gmail.com	1798	offer fees
OFFER FEES	NETBANKING	DUM3815912	16-MAR-24	5440	Completed Successfully	2006205416	SANDHYA SANJAY AGRAWAL	9977052084	ganeshgngf@gmail.com	5440	offer fees maa sharda agro warehose
OFFER FEES	NETBANKING	DUM3815980	16-MAR-24	5197	Completed Successfully	4102192770	NAKSHATRA WAREHOUSE AND AGRO FARM	9340384833	BSTOMAR777@GMAIL.COM	5197	OFFER FEES
OFFER FEES	OTHERDCARD	DUM3815901	16-MAR-24	2557	Completed Successfully	2907205336	Krishna Bai	9713849149	dp9713849149@gmail.com	2557.00	warehouse offer fees
OFFER FEES	NETBANKING	DUM3816003	16-MAR-24	3472	Completed Successfully	3706206332	NAMEETA YADAV	9424680969	raghurajyadav503@gmail.com	3472	OFFER FEES
REGISTRATION FEE	NETBANKING	DUM3816142	16-MAR-24	1371	Completed Successfully	1805203941	MANGAL MURTI FOODS	9425093658	mukeshladdha.ujjain@gmail.com	1371	JVS REGISTRATION 2024 renewal
OFFER FEES	NETBANKING	DUM3816024	16-MAR-24	5653	Completed Successfully	040318083	NEETU RAWAT	9770000074	jpsrwarehouse@gmail.com	5653	offer fees
OFFER FEES	NETBANKING	DUM3816149	16-MAR-24	6055	Completed Successfully	2206208445	GAURAV HARDIA	9039921000	bittujhamad@gmail.com	6055.00	offer fees for 2024-25
REGISTRATION FEE	NETBANKING	DUM3816150	16-MAR-24	1800	Completed Successfully	2906204934	KUNWAR SINGH	9200705758	NC9200@GMAIL.COM	1800	OK
OFFER FEES	NETBANKING	DUM3816154	16-MAR-24	3726	Completed Successfully	3008205320	SUNEETA CHOUHAN	9893748925	balajitractorsbareli@gmail.com	3726	OFFER FEE VIJAY WAREHOUSING
OFFER FEES	NETBANKING	DUM3816049	16-MAR-24	5646	Completed Successfully	3601208575	ANITA SAHU	9407451390	dadasaicwa@gmail.com	5646	offer fees
OFFER FEES	OTHERDCARD	DUM3816178	16-MAR-24	4922	Completed Successfully	3004203744	Arti Patidar	9826041590	artiwarehouse@gmail.com	4922	Offer Fees Arti Warehouse Ghatkhedi Raisen
OFFER FEES	BILLDESK	DUM3816182	16-MAR-24	3958	Completed Successfully	4105205093	Pragati Warehouse	9926341900	agarwalnilesh919@gmail.com	3958	pragati warehouse offer payment
REGISTRATION FEE	OTHERDCARD	DUM3816374	16-MAR-24	2241	Completed Successfully	3004204898	PARVATI MEENA	9893118449	meenaparvati520@gmail.com	2241	REGISTRATION FEES RENEW
REGISTRATION FEE	BILLDESK	DUM3816081	16-MAR-24	2640	Completed Successfully	3003205282	YOGENDRA PATEL	9009399207	dishantgrand@gmail.com	2640	registrationfees
OFFER FEES	NETBANKING	DUM3816391	16-MAR-24	4828	Completed Successfully	2904208525	RAKHI UPADHYAY	8989814992	upadhyayarpan157@gmail.com	4828	fee
OFFER FEES	OTHERDCARD	DUM3816387	16-MAR-24	5814	Completed Successfully	290518647	sandeep patel	9926908489	sandeeppatel2118@gmail.com	5814.00	offer fees
REGISTRATION FEE	NETBANKING	DUM3816114	16-MAR-24	945	Completed Successfully	0403193175	GOPAL RAWAT	9926290371	kisanwarehouse1258@gmail.com	945	REGISTRATION FEES
REGISTRATION FEE	NETBANKING	DUM3816113	16-MAR-24	1800	Completed Successfully	3001209257	MS Ware House	9826478855	sourabhpatel_92@ymail.com	1800	Registration Fees
OFFER FEES	OTHERDCARD	DUM3816406	16-MAR-24	8454	Completed Successfully	2802204838	AAKASH PATIDAR	9755447975	AKASH_PATIDAR2001@YAHOO.COM	8454	
REGISTRATION FEE	OTHERDCARD	DUM3816251	16-MAR-24	866	Completed Successfully	2904203767	Harsha Bai Chouhan	9993957851	shradhawarehouse@gmail.com	866	REGISTRATION FEE
OFFER FEES	OTHERDCARD	DUM3816542	16-MAR-24	5625	Completed Successfully	2907205300	Harasada Bai	9179128815	ompatidar761977@gmail.com	5625.00	warehouse offer fees
REGISTRATION FEE	NETBANKING	DUM3816268	16-MAR-24	735	Completed Successfully	2306209255	NEERAJ SHUKLA	8966979396	neerajshukla.9396@gmail.com	735	REGISTRATION FEES OF JAGANNATH WAREHOUSE
REGISTRATION FEE	NETBANKING	DUM3816572	16-MAR-24	1307	Completed Successfully	3005204900	MANJU PATEL	9826530007	kailaspatel00755@gmail.com	1307	REGISTRATION RENEW FEE NAINA WAREHOUSING
OFFER FEES	NETBANKING	DUM3816272	16-MAR-24	5440	Completed Successfully	2006205473	PRACHI AGRAWAL	8461871968	ajayagrowarehouse@gmail.com	5440	offer fees ajay agro warehouse
OFFER FEES	NETBANKING	DUM3816594	16-MAR-24	2362.5	Completed Successfully	0403193175	GOPAL RAWAT	9926290371	kisanwarehouse1258@gmail.com	2362.50	offer fees
OFFER FEES	NETBANKING	DUM3816274	16-MAR-24	3347	Completed Successfully	1303204563	RIDDHI WAREHOUSING CORPORATION	9131985090	PANKAJSAND.KKN@GMAIL.COM	3347	OFFER FEES
OFFER FEES	NETBANKING	DUM3816604	16-MAR-24	5590	Completed Successfully	2701205604	malti bai	6260237256	niteshjadon971@gmail.com	5590.00	offer fees paid(shri radhe krishna wh)
REGISTRATION FEE	NETBANKING	DUM3816288	16-MAR-24	1378	Completed Successfully	2906203845	KUNWAR SINGH	9200705758	NC9200@GMAIL.COM	1378	OK
OFFER FEES	OTHERDCARD	DUM3816621	16-MAR-24	4922	Completed Successfully	3004203743	Bhagyashri Patidar	9826041590	bhagyashriwarehouse@gmail.com	4922	Offer Fees for Bhagyashri Warehouse Vill Ghatkhedi Raisen
OFFER FEES	NETBANKING	DUM3816323	16-MAR-24	5848	Completed Successfully	4101206872	MAA NARMADA WAREHOUSE	8120567890	officeharda0@gmail.com	5848.00	
REGISTRATION FEE	BILLDESK	DUM3816439	16-MAR-24	1522	Completed Successfully	2905209256	SEEMA BAI YADAV	7354444525	shrihariharanand1008@gmail.com	1522	f
REGISTRATION FEE	NETBANKING	DUM3816735	16-MAR-24	1744	Completed Successfully	2606204895	DHRUV WAREHOUSE	9425475565	shrisodani@gmail.com	1744	REGISTRATION FEE
OFFER FEES	NETBANKING	DUM3816678	16-MAR-24	4500	Completed Successfully	3001209257	MS Ware House	9826478855	sourabhpatel_92@ymail.com	4500	Offer Fees
OFFER FEES	BILLDESK	DUM3816729	16-MAR-24	2438	Completed Successfully	0803193373	MAA ANNAPURNA AGRITECH PVT LTD	9755498000	Maapl2004@yahoo.com	2438	OFFER FEES
REGISTRATION FEE	NETBANKING	DUM3816492	16-MAR-24	2280	Completed Successfully	2905204928	LALTA PATIDAR	9826650113	tarun23686@gmail.com	2280	REGISTRATION FEES 2024-25
OFFER FEES	NETBANKING	DUM3816751	16-MAR-24	3253	Completed Successfully	3301206197	Nidhi Jain	9340698832	vineetjain5640@gmail.com	3253	Offer
OFFER FEES	BILLDESK	DUM3815945	16-MAR-24	5805	Completed Successfully	2604204318	Madhvendra paliwal	8770722185	kanhapaliwal91@gmail.com	5805	Offer fees
OFFER FEES	BILLDESK	DUM3816930	16-MAR-24	3804	Completed Successfully	2905209256	SEEMA BAI YADAV	7354444525	shrihariharanand1008@gmail.com	3804	offer fees
OFFER FEES	NETBANKING	DUM3816787	16-MAR-24	3314	Completed Successfully	3005208623	MAYA CHOUHAN	9617744147	choudharyshivam7777@gmail.com	3314	OFFER FEE ASHUTOSH WAREHOUSING
OFFER FEES	NETBANKING	DUM3816786	16-MAR-24	1838	Completed Successfully	2306209255	NEERAJ SHUKLA	8966979396	neerajshukla.9396@gmail.com	1838	OFFER FEES OF JAGANNATH WAREHOUSE
OFFER FEES	NETBANKING	DUM3816798	16-MAR-24	3980	Completed Successfully	2905205617	M/S KARUNESHWARI WAREHOUSE ITAWA	9893041525	adarshrajput5900@gmail.com	3980	OFFER FEES
OFFER FEES	NETBANKING	DUM3816946	16-MAR-24	2039	Completed Successfully	2004205201	RAMESHTHA WAREHOUSE	9981109010	nimishupadhyay	2039	offer fees
OFFER FEES	SBDEBIT	DUM3816806	16-MAR-24	5749	Completed Successfully	3403207286	SHREE SHIVSHAKTI AGRO WAREHOUSE	9300541188	prashant22082@gmail.com	5749	offer fees
REGISTRATION FEE	NETBANKING	DUM3816844	16-MAR-24	2295	Completed Successfully	2906204119	Ravindra Patidar	9893088218	patidarravindra218	2295	Ragistration Fees
REGISTRATION FEE	OTHERDCARD	DUM3816986	16-MAR-24	2246	Completed Successfully	3004204672	Mukesh Patidar	9303131847	mkpatidar.vits@gmail.com	2246	Registration Fees for Vaishnavi Logistics Warehouse Unit 3 Intkhedi Sultanpur Raisen
OFFER FEES	NETBANKING	DUM3816995	16-MAR-24	5705	Completed Successfully	2606208103	SHIVANI WAREHOUSE	9479383879	shivaniwarehouse089@gmail.com	5705	OFFER FEE
OFFER FEES	NETBANKING	DUM3816852	16-MAR-24	3347	Completed Successfully	1303204601	SIDDHI WAREHOUSING CORPORATION	7974467145	MAHARSH777JAIN@GMAIL.COM	3347	OFFER FEES
OFFER FEES	BILLDESK	DUM3816833	16-MAR-24	5625	Completed Successfully	0402209032	ANJALI DUBEY	9770000089	SWETANSHUDUBEY2009@GMAIL.COM	5625	OFFER FEES
REGISTRATION FEE	OTHERDCARD	DUM3816868	16-MAR-24	2002	Completed Successfully	2606203458	Sourabh Goydani	8827451444	sourabhgoydani23@gmail.com	2002	Registration fees
REGISTRATION FEE	OTHERDCARD	DUM3816896	16-MAR-24	975	Completed Successfully	3608209260	SHIVAM CHOLERA	7999106971	shivam21c@gmail.com	975	
OFFER FEES	NETBANKING	DUM3817275	16-MAR-24	3252	Completed Successfully	2906206939	Vivek Nagar	9827228440	RMNAGAR.BOB@GMAIL.COM	3252	OFFER FEES
REGISTRATION FEE	NETBANKING	DUM3816922	16-MAR-24	2278	Completed Successfully	1102209261	MINAKSHI CHOUBEY	9630514207	minakshichoubeydmo@gmail.com	2278	
OFFER FEES	NETBANKING	DUM3816919	16-MAR-24	4032	Completed Successfully	2004206884	KHEDAPATI SARKAR	9981109010	nimishupadhyay12@gmail.com	4032	offer fees
REGISTRATION FEE	OTHERDCARD	DUM3817336	16-MAR-24	2246	Completed Successfully	3004204648	Rahul Patidar	9826041590	rahulpatidar.vits@gmail.com	2246	Registration Fees for Vaishnavi logistics Warehouse Unit 2 Vill Intkhedi, sultanpur Raisen
REGISTRATION FEE	NETBANKING	DUM3817320	16-MAR-24	2420	Completed Successfully	3303203626	RITU TIWARI	9826144408	praveenchoubey008@gmail.com	2420	Registration Renewal
OFFER FEES	OTHERDCARD	DUM3817076	16-MAR-24	2006	Completed Successfully	5104182181	marketingsosity nalkheda	9424001723	marketingsocitynalkheda@gmail.com	2006	offer fee
OFFER FEES	NETBANKING	DUM3817361	16-MAR-24	6150	Completed Successfully	3204205408	LEELA BAI KARADA	8959559225	girirajwarehouse2021@gmail.com	6150	giriraj warehouse offer
OFFER FEES	NETBANKING	DUM3817540	16-MAR-24	1838	Completed Successfully	300518658	DEVENDRA JAIN	9425654919	jain03848@gmail.com	1838	OFFER FEE DEVENDRA JAIN WAREHOUSE AGRO AND SERVICES
OFFER FEES	NETBANKING	DUM3817610	16-MAR-24	1021	Completed Successfully	3004203660	MAA VAISHNO WAREHOUSE	9200449999	atul1077@gmail.com	1021	
OFFER FEES	NETBANKING	DUM3817477	16-MAR-24	2700	Completed Successfully	2606182104	ASTHA WAREHOUSING & LOGISTICS CORPORATION	9424060123	mukund.kabra@rediffmail.com	2700	OFFER FEE
REGISTRATION FEE	NETBANKING	DUM3817626	16-MAR-24	1125	Completed Successfully	0607209265	ABDUL FAREED KHAN	989375736	faridkhanpathan2019@gmail.com	1125	DONE
OFFER FEES	NETBANKING	DUM3817777	16-MAR-24	5381	Completed Successfully	4102206535	SAMRUDDHI AGRI STORAGE	9826377727	JHANJHARIYACOTTON@YAHOO.COM	5381	OFFER FEES
OFFER FEES	NETBANKING	DUM3817653	16-MAR-24	5848	Completed Successfully	4101206865	MAA REWA WAREHOUSE	8120567890	maarevawarehouse@gmail.com	5848	
OFFER FEES	NETBANKING	DUM3817990	16-MAR-24	742	Completed Successfully	2301182605	RAM PRASAD AGRAWAL	9425879555	skp66075@gmail.com	742	Mittal Warehouse Offer Fees
REGISTRATION FEE	NETBANKING	DUM3818010	16-MAR-24	2288	Completed Successfully	2905205294	KAVITA PATIDAR	7000532521	tarun@6786@gmail.com	2288.00	REGISTRATION FEES 2024-25
OFFER FEES	NETBANKING	DUM3818039	16-MAR-24	2625	Completed Successfully	0108205778	aniket yadav	7415363437	marketing.mehgaon1959@gmail.com	2625	offer fees
OFFER FEES	NETBANKING	DUM3818074	16-MAR-24	7681	Completed Successfully	200618836	radha agrawal	9074255590	akaktg@gmail.com	7681	offer fess maa shakambari warehouse
REGISTRATION FEE	OTHERDCARD	DUM3817833	16-MAR-24	1468	Completed Successfully	2601209263	MAA SHARDA WAREHOUSE	9993949970	nknandan.9993@gmail.com	1468	REGISTRATION FEE
OFFER FEES	NETBANKING	DUM3817848	16-MAR-24	6619	Completed Successfully	4102206534	SUHANI AGRI STORAGE	9926363099	SANDEEP181272@GMAIL.COM	6619	OFFER FEES
OFFER FEES	NETBANKING	DUM3817722	16-MAR-24	4311	Completed Successfully	3006204952	PRITI RAJPUT	7974278475	pritirajput7974@gmail.com	4311	shreeji warehouse
OFFER FEES	BILLDESK	DUM3818058	16-MAR-24	10973	Completed Successfully	3102208090	KANTISHIVA INFRASTRUCTURE COMPANY	9425003534	Kantishivagroup@Hotmail.com	10973	OFFER CAPACITY
OFFER FEES	NETBANKING	DUM3817878	16-MAR-24	6795	Completed Successfully	1305203432	BIRDICHAND MOHANLAL GUPTA WAREHOUSE KHANDWA	9425085114	khandwatyping1@gmail.com	6795	OFFER FEE
REGISTRATION FEE	NETBANKING	DUM3817896	16-MAR-24	2272	Completed Successfully	3008203799	VARSHA CHOUHAN	9425999100	abhinavchouhan01@gmail.com	2272	REGISTRATION RENEW FEE ABHINAV WAREHOUSE
OFFER FEES	SBDEBIT	DUM3817884	16-MAR-24	4662	Completed Successfully	2603192636	SANGEETA CHOUREY	8269335160	sangeetachourey91@gmail.com	4662	OFFER FEE
OFFER FEES	OTHERDCARD	DUM3817910	16-MAR-24	3669	Completed Successfully	2601209263	MAA SHARDA WAREHOUSE	9993949970	nknandan.9993@gmail.com	3669	OFFER FEE 2024 2025
OFFER FEES	BILLDESK	DUM3818166	16-MAR-24	5489	Completed Successfully	2906205678	SUDHA AGRO & LOGISTICS	9826809888	rai_baban@yahoo.co.in	5489	offer fees
OFFER FEES	NETBANKING	DUM3817925	16-MAR-24	4489	Completed Successfully	4103181050	RAJENDRA AGRAWAL	9165290100	rajendraagrawal97@gmail.com	4489	
OFFER FEES	SBDEBIT	DUM3818526	16-MAR-24	3608	Completed Successfully	2602207259	SHRI SHIV JEEVAN AGRO	7828588615	shreeshivjeevanagro2021@gmail.com	3608	OFFER FEE
OFFER FEES	NETBANKING	DUM3818416	16-MAR-24	3938	Completed Successfully	3106207482	ASHTAVINAYAK WAREHOUSE	9424461862	bhanupratapawathe@gmail.com	3938	offer fee
REGISTRATION FEE	NETBANKING	DUM3818209	16-MAR-24	1283	Completed Successfully	2303209267	SAPNA GUPTA	8989828207	suryansh847@gmail.com	1283	BARSAIYAN WAREHOUSE
OFFER FEES	NETBANKING	DUM3818564	16-MAR-24	4230	Completed Successfully	3305209184	LAXMI WAREHOUSE PRO MEGHANA CHANDRAVANSHI	8770020141	meghanachandravanshi63@gmail.com	4230	offer fees
OFFER FEES	SBDEBIT	DUM3818484	16-MAR-24	2632	Completed Successfully	2608206118	KIRAN PATHAK	9425082222	pkiran686@gmail.com	2632	OFFER FEE
OFFER FEES	NETBANKING	DUM3818509	16-MAR-24	3750	Completed Successfully	0104206061	aniket yadav	7415363437	marketing.mehgaon1959@gmail.com	3750	offer fees
OFFER FEES	NETBANKING	DUM3818307	16-MAR-24	5765	Completed Successfully	1102207316	SAVITA PATEL	9575592604	savitarakeshpatel.damoh@gmail.com	5765	OFFER FEES
OFFER FEES	NETBANKING	DUM3818309	16-MAR-24	5625	Completed Successfully	2802208491	Shreeram Warehouse II	8821997964	vipinpatidar1988@gmail.com	5625.00	Offer Fee
OFFER FEES	CREDITCARD	DUM3818632	16-MAR-24	2812	Completed Successfully	1803205523	Neha Vyas	9826514367	mahakalwarehouse@gmail.com	2812	Offer Fee Submited by Neha Vyas
OFFER FEES	NETBANKING	DUM3818764	16-MAR-24	5788	Completed Successfully	2606205981	AMRUTPRABHA WAREHOUSE	7974657519	amrutprabhawarehouse@gmail.com	5788	OFFER FEE
OFFER FEES	BILLDESK	DUM3818762	16-MAR-24	2268	Completed Successfully	3102206266	POONAM MALVIYA	9425003534	Kantishivagroup@Hotmail.com	2268	OFFER FEES
OFFER FEES	NETBANKING	DUM3818780	16-MAR-24	2661	Completed Successfully	230118498	TARUNA CHAUHAN	8982259540	chauhanjitendrasingh@gmail.com	2661.00	OFFER FEES FOR CHAUHAN WAREHOUSE
OFFER FEES	NETBANKING	DUM3818943	16-MAR-24	3208	Completed Successfully	2303209267	SAPNA GUPTA	8989828207	suryansh847@gmail.com	3208	barsaiyan warehouse
OFFER FEES	NETBANKING	DUM3818795	16-MAR-24	4648	Completed Successfully	3005204697	JAYA RAGHUWANSHI	7999759237	maabhagwatiwarehouse2021@gmail.com	4648	OFFER FEE MAA BHAGWATI WAREHOUSE
OFFER FEES	NETBANKING	DUM3818807	16-MAR-24	6248	Completed Successfully	260318392	NIKHIL AGRAWAL	9425005979	sglhub@gmail.com	6248	OFFER FEES
OFFER FEES	NETBANKING	DUM3818957	16-MAR-24	5646	Completed Successfully	3601208576	MANJU BATRA	8878382382	batrawarehosuecwa@gmail.com	5646	offer fees
OFFER FEES	NETBANKING	DUM3818678	16-MAR-24	1875	Completed Successfully	2006203475	sanjay agrawal	8461871968	sanjay.agrawal1234567@gmail.com	1875	offer fees m.m warehouse
OFFER FEES	OTHERDCARD	DUM3818770	16-MAR-24	1822	Completed Successfully	0402206778	Rajesh rawat	9770000074	rajeshrawat20017@gmail.com	1822	offer fees
REGISTRATION FEE	OTHERDCARD	DUM3818673	16-MAR-24	4024	Completed Successfully	1706209259	KVM WAREHOUE	8770337969	drmaheshmaurya@gmail.com	4024	kvm warehouse
OFFER FEES	OTHERDCARD	DUM3818870	16-MAR-24	10060	Completed Successfully	1706209259	KVM WAREHOUE	8770337969	drmaheshmaurya@gmail.com	10060	kvm warehouse
OFFER FEES	NETBANKING	DUM3819064	16-MAR-24	5622	Completed Successfully	2201208569	Shri Nath Ji Warehouse	9826232871	khandelwalsachin32871@gmail.com	5622.00	Offer Fee
OFFER FEES	OTHERDCARD	DUM3818900	16-MAR-24	5900	Completed Successfully	2802207021	kailash narayan patidar	8878702202	knpatidar81@gmail.com	5900	
OFFER FEES	BILLDESK	DUM3819155	16-MAR-24	5611	Completed Successfully	2601208446	ANAGH MAHARAJ WAREHOUSING CORPORATION	6263241569	suyashtiwari908@gmail.com	5611	OFFER 2024 2025
REGISTRATION FEE	BILLDESK	DUM3819185	16-MAR-24	1826	Completed Successfully	3001204561	SARITA DHAKAD	9644888971	HARIYASHODAWAREHOUSE@GMAIL.COM	1826	REGISTRATION FEE
REGISTRATION FEE	CREDITCARD	DUM3819232	16-MAR-24	8760	Completed Successfully	1805209266	MANOHAR ANJNA	9425092649	MAHADEVWAREHOUSING@GMAIL.COM	8760	Registration fee submitted by manhoar Anjna
OFFER FEES	NETBANKING	DUM3819568	16-MAR-24	6047	Completed Successfully	2606204380	MADHWAN WAREHOUSING	7974681435	astik.dudani@gamil.com	6047	OFFER FEE
REGISTRATION FEE	NETBANKING	DUM3819380	16-MAR-24	1000	Completed Successfully	3303209268	SARLA DUBEY	9826144408	radheshyamwh@gmail.com	1000	Registration
OFFER FEES	NETBANKING	DUM3819567	16-MAR-24	4050	Completed Successfully	410218978	PANKAJ WAREHOUSE	9826994123	PANKAJWAREHOUSE@GMAIL.COM	4050	OFFER FEES
OFFER FEES	NETBANKING	DUM3819385	16-MAR-24	5662	Completed Successfully	3203204218	sanju gupta	9425602932	priyanshugupta2121999@gmail.com	5662	no
REGISTRATION FEE	NETBANKING	DUM3819604	16-MAR-24	3098	Completed Successfully	2605204892	shri hari warehouse	9131112776	tirupatiapparels08@gmail.com	3098	
OFFER FEES	NETBANKING	DUM3819310	16-MAR-24	2495	Completed Successfully	3303209268	SARLA DUBEY	9826144408	radheshyamwh@gmail.com	2495	offer
REGISTRATION FEE	NETBANKING	DUM3819418	16-MAR-24	1230	Completed Successfully	1301209270	SHREE VINAYAK WAREHOUSE	9826665334	khandwatyping1@gmail.com	1230	REGN FEE
OFFER FEES	BILLDESK	DUM3819324	16-MAR-24	5967	Completed Successfully	2702208504	RUCHI CHOUDHARY	9131610578	VIPINPATEL302@GMAIL.COM	5967	offer fees
OFFER FEES	NETBANKING	DUM3819740	16-MAR-24	3965	Completed Successfully	1105209116	ANITA RANI	9770457088	anitaranidamoh@gmail.com	3965	
REGISTRATION FEE	OTHERDCARD	DUM3819752	16-MAR-24	2250	Completed Successfully	2901209269	MRS. SANGEETA CHOUKSEY	8878090282	lionwarehouse2024@gmail.com	2250.00	warehouse registration fees
REGISTRATION FEE	OTHERDCARD	DUM3819449	16-MAR-24	2368	Completed Successfully	2802204586	shashi patidar	8878702202	sandeeppatidar1@gmail.com	2368	
OFFER FEES	NETBANKING	DUM3819468	16-MAR-24	3075	Completed Successfully	1301209270	SHREE VINAYAK WAREHOUSE	9826665334	khandwatyping1@gmail.com	3075	OFFER FEE
REGISTRATION FEE	BILLDESK	DUM3819785	16-MAR-24	2325	Completed Successfully	2906205009	MEENA BAI	9893941520	NARAYANPREM1976@GMAIL.COM	2325	OK
OFFER FEES	OTHERDCARD	DUM3819462	16-MAR-24	1972	Completed Successfully	0107203864	VINOD KUMAR SHARMA	9516872305	Vinodsharmaji001@gmail.com	1972	BRANCH JAWASA BHIND
OFFER FEES	NETBANKING	DUM3819716	16-MAR-24	5078	Completed Successfully	1605204577	Pramila Ghatiya	9926621880	rakeshghatiya@gmail.com	5078	feet
REGISTRATION FEE	NETBANKING	DUM3819842	16-MAR-24	1997	Completed Successfully	3008203503	SHIVARI BAI	7000743102	chetanchouhan4444@gmail.com	1997	REGISTRATION RENEW SHIV SHAKTI WAREHOUSE
OFFER FEES	BILLDESK	DUM3819990	16-MAR-24	2964	Completed Successfully	296206952	SHEELA BAI	9893941520	NARAYANPREM1976@GMAIL.COM	2964	OK
REGISTRATION FEE	NETBANKING	DUM3819513	16-MAR-24	1018	Completed Successfully	2308181119	GYAN CHANDRA CHAURASIA	9425144016	gcc135@rediffmail.com	1018	REGISTRATION FEES OF JAI MAA AMBEY WAREHOUSE GARHIMALEHRA
OFFER FEES	CREDITCARD	DUM3819519	16-MAR-24	4456	Completed Successfully	1803208263	Harish Kumar Gupta	8827548331	girnar666@gmail.com	4456	offer fee submitted by
OFFER FEES	NETBANKING	DUM3820131	16-MAR-24	4594	Completed Successfully	0104208064	ramhet singh bhadoriya	8319968401	marketing.mehgaon1959@gmail.com	4594	offer fees
OFFER FEES	NETBANKING	DUM3820050	16-MAR-24	3200	Completed Successfully	0602207134	SHRINATH WAREHOUSE	9893745668	shrinathwarehouse4@gmail.com	3200	Offered Fees 2024-25
OFFER FEES	NETBANKING	DUM3820080	16-MAR-24	5078	Completed Successfully	1605204573	Teena Sharma	9926701682	mtsharma970@gmail.com	5078	feet
OFFER FEES	NETBANKING	DUM3820170	16-MAR-24	2545	Completed Successfully	2308181119	GYAN CHANDRA CHAURASIA	9425144016	gcc135@rediffmail.com	2545	OFFER FEES OF JAI MAA AMBEY WAREHOUSE GARHIMALEHRA
OFFER FEES	OTHERDCARD	DUM3820084	16-MAR-24	5625	Completed Successfully	2901209269	MRS. SANGEETA CHOUKSEY	8878090282	lionwarehouse2024@gmail.com	5625.00	warehouse offer fees
OFFER FEES	NETBANKING	DUM3820328	16-MAR-24	5587	Completed Successfully	3006205537	Savitri bai	9893922143	surendrapatel2143@gmail.com	5587	offer fee
OFFER FEES	BILLDESK	DUM3820098	16-MAR-24	5030	Completed Successfully	2601208753	SHRI KRISHNA AGRO PARK	8602195693	harshityadav67@gmail.com	5030	OFFER FEE 2024 2025
OFFER FEES	NETBANKING	DUM3820389	16-MAR-24	5694	Completed Successfully	1102209261	MINAKSHI CHOUBEY	9630514207	minakshichoubeydmo@gmail.com	5694	
OFFER FEES	NETBANKING	DUM3820551	16-MAR-24	5616	Completed Successfully	3304209010	MAA VIDYA AGRO PARK	9958792209	maavidyaagropark@gmail.com	5616	offer fees
OFFER FEES	CREDITCARD	DUM3820223	16-MAR-24	3442	Completed Successfully	1805205154	Lokendra singh Sisodiya	9893506438	maashapurawarehouse@gmail.com	3442	Offer fee submitted by Lokendra singh
OFFER FEES	NETBANKING	DUM3820468	16-MAR-24	5631	Completed Successfully	1105209253	aishwarya rai	7067021111	aishwaryaraidamoh@gmail.com	5631	
OFFER FEES	NETBANKING	DUM3820256	16-MAR-24	4594	Completed Successfully	3006208976	Rajkumari jain	7354781977	shriparashnathwarehouse@gmail.com	4594	offer fee
REGISTRATION FEE	BILLDESK	DUM3820168	16-MAR-24	2288	Completed Successfully	3007204751	sunita dhakad	9827092149	mansajiwarehouseunit2@gmail.com	2288	registration fees
REGISTRATION FEE	NETBANKING	DUM3820508	16-MAR-24	1478	Completed Successfully	0804209271	God Farms	9826610141	gjajoo80@gmail.com	1478.00	Registration Fee
OFFER FEES	NETBANKING	DUM3820283	16-MAR-24	2738	Completed Successfully	3305209189	Aashirwad Warehouse	9211910368	33.nancyteam@gmail.com	2738	remark
OFFER FEES	BILLDESK	DUM3820285	16-MAR-24	13633	Completed Successfully	320418621	VIKAS ARORA	8878969000	vikasarora81777@gmail.com	13633	ASHA WAREHOUSING PALACE SARANGPUR
OFFER FEES	NETBANKING	DUM3820649	16-MAR-24	1830	Completed Successfully	410218977	SHRI GOPALA WAREHOUSE	8871358803	SHRIGOPALAWAREHOUSE@GMAIL.COM	1830	OFFER FEES
OFFER FEES	OTHERDCARD	DUM3820657	16-MAR-24	5670	Completed Successfully	2601205491	HARI KRISHNA WAREHOUSE UNIT 2	966607111	iffdcbanapura@gmail.com	5670	OFFER FEE
REGISTRATION FEE	NETBANKING	DUM3820316	16-MAR-24	744	Completed Successfully	2301192855	RAMESH CHANDRA NAMDEV	9589809310	namdevwarehouse@gmail.com	744	REGISTRATION FEES OF NAMDEV WAREHOUSE DHAMORA
REGISTRATION FEE	BILLDESK	DUM3820748	16-MAR-24	4666	Completed Successfully	2401209227	Darshana Shakyawar	9425081817	maakeladevilogistics@gmail.com	4666	Registration Fees
OFFER FEES	NETBANKING	DUM3820674	16-MAR-24	5625	Completed Successfully	4305209061	NITIN ARYA	9993899802	SHIVDWARWAREHOUSE@GMAIL.COM	5625	JVS FEE
OFFER FEES	NETBANKING	DUM3820678	16-MAR-24	3050	Completed Successfully	1104209115	JAYA PATEL	7999760553	jayapateldamoh@gmail.com	3050	
OFFER FEES	BILLDESK	DUM3820750	16-MAR-24	2048	Completed Successfully	2004206685	shri jmd	9329390555	nimishupadhyay12@gmail.com	2048	offer ees
OFFER FEES	SBDEBIT	DUM3820945	16-MAR-24	4600	Completed Successfully	2608208723	NITU GOUR	7000724764	ygour1971@gmail.com	4600	OFFER FEE
OFFER FEES	CREDITCARD	DUM3820725	16-MAR-24	5869	Completed Successfully	1805205040	Hema Kothari	9425332606	sskothari4190@gmial.com	5869	Offer Fee Submitted By Hema kothari
OFFER FEES	NETBANKING	DUM3820798	16-MAR-24	2242	Completed Successfully	3605192936	SUNITA BELIYA	6268178609	narmadawarehouse86@gmail.com	2242	OFFER FEES
OFFER FEES	NETBANKING	DUM3820957	16-MAR-24	3926	Completed Successfully	2605181241	MAHALAXMI WAREHOUSE SEMRI HARCHAND	9893218761	mahalaxmiwarehouse98@gmail.com	3926	OFFER FEES WAREHOUSE
REGISTRATION FEE	BILLDESK	DUM3820967	16-MAR-24	1970	Completed Successfully	3005203417	PRIYANKA CHOUDHARY	6260611985	MAIKALSUTAWAREHOSING32@GMAIL.COM	1970	registration  fess
OFFER FEES	NETBANKING	DUM3821150	16-MAR-24	5731	Completed Successfully	3003206085	Ramprakash singh tomar	9669537584	Kisanwarehouse66@gmail.com	5731	Offer fees
OFFER FEES	NETBANKING	DUM3821007	16-MAR-24	1906	Completed Successfully	0304204995	VIMLA DEVI YADAV	9074077226	kldptkg999@gmail.com	1906	OFFFER FEES
OFFER FEES	OTHERDCARD	DUM3820631	16-MAR-24	5775	Completed Successfully	3004203736	sarju devi warehouse	9713476883	patidar.sumit10@gmail.com	5775	offer fees of sarju devi warehouse
REGISTRATION FEE	BILLDESK	DUM3820887	16-MAR-24	5453	Completed Successfully	320418621	VIKAS ARORA	8878969000	vikasarora81777@gmail.com	5453	Asha Warehousing Palace Taraganj Sarangpur
OFFER FEES	BILLDESK	DUM3820861	16-MAR-24	3806	Completed Successfully	2001207857	shrilaxminarayan warehouse	9131801254	nimishupadhyay12@gmail.com	3806	offer fees
OFFER FEES	OTHERDCARD	DUM3821238	16-MAR-24	4266	Completed Successfully	2802207151	RANI SHRIVASTAVA	9826362451	raniwarehouse5@gmail.com	4266	
OFFER FEES	NETBANKING	DUM3821268	16-MAR-24	3694	Completed Successfully	0804209271	God Farms	9826610141	gjajoo80@gmail.com	3694.00	OFFER FEE
OFFER FEES	NETBANKING	DUM3821277	16-MAR-24	3516	Completed Successfully	3203206853	ANMOL UPADHYAY	9993186186	anmolupadhyay0186@gmail.com	3516	
REGISTRATION FEE	OTHERDCARD	DUM3821320	16-MAR-24	1073	Completed Successfully	3004209272	OMPRAKASH MEENA	9753459845	saurabhmeena250@gmail.com	1073	registration fees
OFFER FEES	BILLDESK	DUM3821095	16-MAR-24	11666	Completed Successfully	2401209227	Darshana Shakyawar	9425081817	maakeladevilogistics@gmail.com	11666	Offer Fees
OFFER FEES	NETBANKING	DUM3821395	16-MAR-24	2130	Completed Successfully	1009209176	PRABHA RAJPOOT	9753409517	rbhoopendra34@gmail.com	2130	OFFER  FEES
REGISTRATION FEE	NETBANKING	DUM3821569	16-MAR-24	1181	Completed Successfully	270118589	Rajendra Singh meena	9827275585	rajmamta71@gmail.com	1181.00	registration fees paid(yash wh co)
OFFER FEES	CREDITCARD	DUM3821392	16-MAR-24	3478	Completed Successfully	2706208681	Usha shrivastava	8871676949	gauravshrivastava5882@gmail.com	3478	
OFFER FEES	BILLDESK	DUM3821401	16-MAR-24	2250	Completed Successfully	2004206653	maruti warehouse	8878910791	nimishupadhyay12@gmail.com	2250	offer fees
OFFER FEES	NETBANKING	DUM3821419	16-MAR-24	2888	Completed Successfully	3605518595	SUNIL SAHU	9424648347	sunilclsahu@gmail.com	2888	OFFER FEES
REGISTRATION FEE	NETBANKING	DUM3821420	16-MAR-24	1046	Completed Successfully	2301204742	PUSHPA SINGH	9406621016	prashu273@gmail.com	1046	REGISTRATION FEES OF NSP WAREHOUSE KADARIU
REGISTRATION FEE	NETBANKING	DUM3821627	16-MAR-24	750	Completed Successfully	1301209273	SHRI KRISHNA WAREHOUSE	9993788876	khandwatyping1@gmail.com	750	REGN FEE
OFFER FEES	OTHERDCARD	DUM3821618	16-MAR-24	5625	Completed Successfully	1101209144	Shiva Devi Nema	8269935194	shankarandgrandsons@gmail.com	5625	Offer fee for Shankar Warehouse
OFFER FEES	OTHERDCARD	DUM3821765	16-MAR-24	5593	Completed Successfully	2601207284	SHRIRAM WAREHOUSE	9826663842	pradeep.raghu1@gmail.com	5593	offer 2024 2025
OFFER FEES	NETBANKING	DUM3821643	16-MAR-24	2953	Completed Successfully	270118589	Rajendra Singh meena	9827275585	rajmamta71@gmail.com	2953.00	Offer  fees paid(yash wh co)
OFFER FEES	NETBANKING	DUM3821775	16-MAR-24	2889	Completed Successfully	3202181171	mangilal mandloi	9893976301	cool.ram16@gmail.com	2889	no
OFFER FEES	OTHERDCARD	DUM3821778	16-MAR-24	3497	Completed Successfully	040318838	Bhagwati Prasad Sharma	9425130706	Bhagwatisharma927@gmail.com	3497	Offer Fees
REGISTRATION FEE	SBDEBIT	DUM3821427	16-MAR-24	537	Completed Successfully	2308193047	bhagwat dayal chaurasia	9425141923	chaurasia_virendra@yahoo.in	537	
REGISTRATION FEE	NETBANKING	DUM3821478	16-MAR-24	1232	Completed Successfully	0507209124	SAKSHI WAREHOUSE	9452335883	rahulpurohit166@gmail.com	1232	
OFFER FEES	BILLDESK	DUM3821665	16-MAR-24	5625	Completed Successfully	1607206589	Vishnu Kunwar Songara	9770123975	maaashapurawarehousesagoriya@gmail.com	5625.00	Offer Fee
OFFER FEES	BILLDESK	DUM3821805	16-MAR-24	2461	Completed Successfully	2004206720	SARITA WAREHOUSE	9827300371	nimishupadhyay12@gmail.com	2461	offer fees
OFFER FEES	NETBANKING	DUM3821518	16-MAR-24	3080	Completed Successfully	0507209124	SAKSHI WAREHOUSE	9452335883	rahulpurohit166@gmail.com	3080	
OFFER FEES	NETBANKING	DUM3822127	16-MAR-24	1875	Completed Successfully	1301209273	SHRI KRISHNA WAREHOUSE	9993788876	khandwatyping1@gmail.com	1875	OFFER FEE
OFFER FEES	BILLDESK	DUM3821521	16-MAR-24	3023	Completed Successfully	370718122	JAI AMBEY WAREHOUSE	7771992499	SOURABHKAGRAWAL@GMAIL.COM	3023	offer fees
OFFER FEES	OTHERDCARD	DUM3821937	16-MAR-24	4132	Completed Successfully	040318705	Ashok Sharma	9425109666	ashoksharma94251@gmail.com	4132	Offer Fees
OFFER FEES	NETBANKING	DUM3822159	16-MAR-24	8640	Completed Successfully	330718105	GULAB CHAND SONI	9425864608	kjeet4u@gmail.com	8640	offer
OFFER FEES	NETBANKING	DUM3821950	16-MAR-24	4679	Completed Successfully	3204205112	NEETA BARKIYA	9754711405	akhilbarkiya04@gmail.com	4679	barkiya warehousing offer
REGISTRATION FEE	BILLDESK	DUM3821956	16-MAR-24	2250	Completed Successfully	2206209274	DEV WAREHOUSE	9826749707	able.hemendra@gmail.com	2250	registration fee
REGISTRATION FEE	NETBANKING	DUM3822177	16-MAR-24	2240	Completed Successfully	2606203523	LABH WAREHOUSING	9425408729	rekha.gurkha@gmail.com	2240	REGISTRATION FEE
REGISTRATION FEE	SBDEBIT	DUM3822150	16-MAR-24	2333	Completed Successfully	1605204990	Smt Antimbala Malviya	9406671430	Shrikashiwh@gmail.com	2333	feet
REGISTRATION FEE	NETBANKING	DUM3821870	16-MAR-24	1944	Completed Successfully	2008204546	RAJSHREE VYAS	9109787676	goriagroinfrasatwas@gmail.com	1944	goriagro warehouse registration fees
OFFER FEES	OTHERDCARD	DUM3821979	16-MAR-24	2682	Completed Successfully	3004209272	OMPRAKASH MEENA	9753459845	saurabhmeena250@gmail.com	2682	OFFER FEES
REGISTRATION FEE	BILLDESK	DUM3822182	16-MAR-24	2244	Completed Successfully	3707204453	maa PARVATI warehouse	7771992499	SOURABHKAGRAWAL@GMAIL.COM	2244	REGISTRATION FEES
OFFER FEES	NETBANKING	DUM3821957	16-MAR-24	4819	Completed Successfully	4102205631	KALPANA HEDA	8602422122	ROHITHEDA20@GMAIL.COM	4819	OFFER FEES
OFFER FEES	SBDEBIT	DUM3822002	16-MAR-24	1341.38	Completed Successfully	2308193047	bhagwat dayal chaurasia	9425141923	chaurasia_virendra@yahoo.in	1341.38	
OFFER FEES	BILLDESK	DUM3822003	16-MAR-24	5569	Completed Successfully	2004205233	MAA UMIYA WAREHOUSE	9752153825	nimishupadhyay12@gmail.com	5569	offer fees
OFFER FEES	NETBANKING	DUM3822384	16-MAR-24	1856	Completed Successfully	3204203977	POOJA RAWTIYA	8770128772	sanjayrawtiya@gmailcom	1856	keshav warehouse PMS
OFFER FEES	BILLDESK	DUM3822041	16-MAR-24	27300	Completed Successfully	320218861	VIPIN RATHORE	7906057597	VIPINRATHORE1067@GMAIL.COM	27300	OFFER FEES
OFFER FEES	NETBANKING	DUM3822457	16-MAR-24	1856	Completed Successfully	3204203980	RADHA RAWTIYA	8770128772	rajivrawtiya916@gmail.com	1856	kanchan warehouse PMS
OFFER FEES	NETBANKING	DUM3822738	16-MAR-24	6218	Completed Successfully	340418879	VP AGRAWAL	9819098006	ayrawarehouse@gmail.com	6218	OFFER PAYMENT
OFFER FEES	BRANCH	DUM3816158	16-MAR-24	3431	Completed Successfully	2004205107	BHOMIYA JI WAREHOUSE	7000548118	nimishupadhyay12@gmail.com	3431	OFFER FEES
REGISTRATION FEE	NETBANKING	DUM3822471	16-MAR-24	1995	Completed Successfully	2705204639	ZIAUDDIN	7000811404	Kurwaiautomobile@gmail.com	1995	
REGISTRATION FEE	BILLDESK	DUM3822772	16-MAR-24	1519	Completed Successfully	2905209278	GEETA BAI JAT	8349214590	jatshivamshivam@gmail.com	1519	registrion
OFFER FEES	NETBANKING	DUM3822495	16-MAR-24	5558	Completed Successfully	3106208250	SHRI MAA CHAMUNDA WAREHOUSE	9893956562	pravinrathore09@gmail.com	5558	OFFER FEE
OFFER FEES	NETBANKING	DUM3822780	16-MAR-24	2015	Completed Successfully	3303192801	Arpana Singh	9425154164	shivkrapaw@gmail.com	2015	offer
OFFER FEES	NETBANKING	DUM3822601	16-MAR-24	6000	Completed Successfully	0402207814	Shraddha Gupta	8962349656	arnaviagrofin@gmail.com	6000	JVS OFFER FEES
OFFER FEES	BILLDESK	DUM3822666	16-MAR-24	3797	Completed Successfully	2905209278	GEETA BAI JAT	8349214590	jatshivamshivam@gmail.com	3797	offer
OFFER FEES	NETBANKING	DUM3822672	16-MAR-24	5273	Completed Successfully	2004208185	SUDHA PATIDAR	7987412139	patidarsanju11@gmail.com	5273	SHRI SK WAREHOUSE
OFFER FEES	OTHERDCARD	DUM3822505	16-MAR-24	2902	Completed Successfully	3204208630	PRAMOD ARORA	9977229500	arorawarehouse2023@gmail.com	2902	ARORA WAREHOUSING
REGISTRATION FEE	NETBANKING	DUM3822808	16-MAR-24	1922	Completed Successfully	3303203637	Arpana Singh	9425154164	kssingh3871@gmail.com	1922	Registraton Renewal
REGISTRATION FEE	OTHERDCARD	DUM3822700	16-MAR-24	2214	Completed Successfully	2901209277	Mr. RONAK JAIN	9074957024	apenterprisesratibad@gmail.com	2214.00	warehouse registration fee
OFFER FEES	NETBANKING	DUM3822831	16-MAR-24	3769	Completed Successfully	2907206862	MONIKA SINGH	8602448909	hukumsinghdangi@gmail.com	3769	Offer Fees
REGISTRATION FEE	NETBANKING	DUM3823021	16-MAR-24	2039	Completed Successfully	1806209276	m/s shree ma naghnecha lalyan warehouse	8770199945	rvishraj@gmail.com	2039	RITURAJ RAJPUT
OFFER FEES	OTHERDCARD	DUM3822839	16-MAR-24	5502	Completed Successfully	260118791	SANSKAR AGRO PARK	9826876767	nitingour08@rediffmail.com	5502	offer fee 2024 2025
REGISTRATION FEE	NETBANKING	DUM3822851	16-MAR-24	1231	Completed Successfully	3106204117	SHRI LAXMI WEARHOUSE AKASH RATHORE	8989507581	akashrathor3706@gmail.com	1231	REGISTATION FEE
OFFER FEES	NETBANKING	DUM3823078	16-MAR-24	5587	Completed Successfully	3005204964	SUNEETA	8839629107	paliwalbareli@gmail.com	5587	OFFER FEE SARASWATI DEVI WAREHOUSE
OFFER FEES	BILLDESK	DUM3823065	16-MAR-24	11361	Completed Successfully	2901192798	HARI PRASAD YADAV	9753112456	akashy.jha2010@gmail.com	11361	OFFER FEES
OFFER FEES	NETBANKING	DUM3823089	16-MAR-24	5097	Completed Successfully	1806209276	m/s shree ma naghnecha lalyan warehouse	8770199945	rvishraj@gmail.com	5097	RITURAJ
OFFER FEES	BILLDESK	DUM3823098	16-MAR-24	5625	Completed Successfully	2206209274	DEV WAREHOUSE	9826749707	able.hemendra@gmail.com	5625	OFFER FEE
OFFER FEES	OTHERDCARD	DUM3823177	16-MAR-24	5535	Completed Successfully	2901209277	Mr. RONAK JAIN	9074957024	apenterprisesratibad@gmail.com	5535.00	warehouse offer fees
OFFER FEES	NETBANKING	DUM3823186	16-MAR-24	5594	Completed Successfully	4105207743	VINITA MOURYA	9826345443	gangotriwarehouse@gmail.com	5594	offer
OFFER FEES	NETBANKING	DUM3822887	16-MAR-24	1035	Completed Successfully	330318210	Rajeev Tiwari	9893511815	warehousesainath@gmail.com	1035	Offer
OFFER FEES	BILLDESK	DUM3823338	16-MAR-24	6996	Completed Successfully	0803192928	MAYA YADAV	9826060219	gajananstore00@gmail.com	6996	Offer Fees
OFFER FEES	NETBANKING	DUM3823357	16-MAR-24	1888	Completed Successfully	2008205468	VIMALA VYAS	9111854400	goriinfrastructure@gmail.com	1888	gouri infrastructure offer fees
REGISTRATION FEE	NETBANKING	DUM3823373	16-MAR-24	3007	Completed Successfully	3001203816	JYOTI AGRAWAL	9479595125	maaannapurnahub@gmail.com	3007	REGISTRATION FEES
OFFER FEES	NETBANKING	DUM3823244	16-MAR-24	1125	Completed Successfully	3708206247	MOHAMMED SIDDIK KHAN	9617878615	Shekhsadik523@gmail.com	1125	OFFER FEES
REGISTRATION FEE	NETBANKING	DUM3823262	16-MAR-24	740	Completed Successfully	3106203603	SHRI JAGDAMBE WAREHOUSE	9425638367	jagdishrathore1312@gmail.com	740	registation fee
OFFER FEES	NETBANKING	DUM3823265	16-MAR-24	5929	Completed Successfully	1601205163	GUDDI BAI	9644431998	asvinadhakararamavilasadhakara@gmail.com	5929	JV SCHEME OFFER FEES
OFFER FEES	NETBANKING	DUM3823282	16-MAR-24	10950	Completed Successfully	330318232	Meena Tiwari	9893511815	whomsairam1@gmail.com	10950	offer
OFFER FEES	NETBANKING	DUM3823650	16-MAR-24	6825	Completed Successfully	330318180	Chandra Kant Tiwari	9893511815	whshrisai@gmail.com	6825	offer
OFFER FEES	NETBANKING	DUM3823483	16-MAR-24	6202	Completed Successfully	1009208938	KRIPA DEVI	8839522494	krpaevilla2@gmail.com	6202	Offer Fees
REGISTRATION FEE	SBDEBIT	DUM3823447	16-MAR-24	2250	Completed Successfully	202588798	Poonam Kataria	9981126107	skats1955@gmail.com	2250	
REGISTRATION FEE	NETBANKING	DUM3823829	16-MAR-24	2328	Completed Successfully	3601204130	SHRUTI TULSIAN	9425146591	minicomputers124@gmail.com	2328	renew fees
REGISTRATION FEE	NETBANKING	DUM3824135	16-MAR-24	2249	Completed Successfully	3008209281	PREETI THAKUR	9993019277	patelramkumar777@gmail.com	2249	REGISTRATION FEE MAA SANJEEVAN WAREHOUSE
REGISTRATION FEE	NETBANKING	DUM3823870	16-MAR-24	1157	Completed Successfully	230318004	PRIYANKA GUPTA	8770313296	narendra.bits@gmail.com	1157	
REGISTRATION FEE	BILLDESK	DUM3824145	16-MAR-24	1123	Completed Successfully	3005203692	ARCHNA PATEL	9993404100	PARASWAREHOUSINGS@GMAIL.COM	1123	REGISTRATION FESS
OFFER FEES	NETBANKING	DUM3823989	16-MAR-24	5850	Completed Successfully	0508192960	JITENDRA GOYAL	9340591001	niceguna2@gmail.com	5850	SHRI P H WAREHOUSE
REGISTRATION FEE	NETBANKING	DUM3824175	16-MAR-24	1090	Completed Successfully	2006204853	AMRATA YADAV	9826615041	nilesh.neelu@gmail.com	1090	registraion fees shri niwas warehouse
OFFER FEES	SBDEBIT	DUM3824004	16-MAR-24	2700	Completed Successfully	2603209058	SHWETA SHARMA	9425042170	narmadawh@gmail.com	2700	OFFER FEE
OFFER FEES	NETBANKING	DUM3824144	16-MAR-24	4916	Completed Successfully	3404207782	Maa Narmada warehouse	8586884810	Gourav.goluchouksey@gmail.com	4916	
OFFER FEES	NETBANKING	DUM3824012	16-MAR-24	5625	Completed Successfully	202588798	Poonam Kataria	9981126107	skats1955@gmail.com	5625	
REGISTRATION FEE	NETBANKING	DUM3824187	16-MAR-24	2250	Completed Successfully	3608209282	Smriti Sarse	9131757755	shriyashodalogistic@gmail.com	2250	
OFFER FEES	OTHERDCARD	DUM3823902	16-MAR-24	5350	Completed Successfully	2201208856	RASHMI UKAS	9826244282	ajay.s.ukas@gmail.com	5350	offer fees
OFFER FEES	NETBANKING	DUM3824211	16-MAR-24	5622	Completed Successfully	3008209281	PREETI THAKUR	9993019277	patelramkumar777@gmail.com	5622	OFFER FEE MAA SANJEEVAN WAREHOUSE
REGISTRATION FEE	NETBANKING	DUM3824213	16-MAR-24	1326	Completed Successfully	0505204280	SHREE KRISHNAM WARE HOUSE	9893315415	diginetsanjeev8@gmail.com	1326	
REGISTRATION FEE	CREDITCARD	DUM3824212	16-MAR-24	2250	Completed Successfully	3004204183	Hukum Chand Patidar	9111811106	hukum98260@Gmail.com	2250	Registration Re-new fee payment hara krishna warehouse
OFFER FEES	NETBANKING	DUM3824257	16-MAR-24	3622	Completed Successfully	4103208908	SHRI JI WAREHOUSE	9826249560	ankit_saraf2009@rediffmail.com	3622	
OFFER FEES	NETBANKING	DUM3824371	16-MAR-24	5719	Completed Successfully	3701207144	MAHENDRA PRATAP SINGH	9818699897	mandy.pratap@gmail.com	5719	OFFER FEES
OFFER FEES	NETBANKING	DUM3824540	16-MAR-24	4050	Completed Successfully	2001192628	VIKRAM SINGH PATEL	9826545046	vikramsinghpatel1960@gmail.com	4050	OK
OFFER FEES	OTHERDCARD	DUM3824299	16-MAR-24	4274	Completed Successfully	3404209048	Jai kishan Warehouse	9165252506	banshidharpatel9@gmail.com	4274	payment of earnest money for offer of warehouse
OFFER FEES	NETBANKING	DUM3824558	16-MAR-24	5625	Completed Successfully	3608209282	Smriti Sarse	9131757755	shriyashodalogistic@gmail.com	5625	
OFFER FEES	NETBANKING	DUM3824583	16-MAR-24	4688	Completed Successfully	260618748	SHRI SIDHKRIPA WAREHOUSE	9589814100	shailendrapaliwal54@gmail.com	4688	OFFER FEE
OFFER FEES	NETBANKING	DUM3824398	16-MAR-24	2893	Completed Successfully	230318004	PRIYANKA GUPTA	8770313296	narendra.bits@gmail.com	2893	
REGISTRATION FEE	NETBANKING	DUM3824323	16-MAR-24	4815	Completed Successfully	3004205379	AYUSHI AGRAWAL	9407872700	shreegovindwh@gmail.com	4815	REGISTRATION FEES
OFFER FEES	OTHERDCARD	DUM3824388	16-MAR-24	1162	Completed Successfully	3701181269	SEVA SAHKARI SAMITI KALARBANKI	9131040432	mrrai9301@gmail.com	1162	OFFER FEE
REGISTRATION FEE	NETBANKING	DUM3824597	16-MAR-24	2331	Completed Successfully	2401209284	Prabhu Kripa Logistics	8719995444	sainpanwar050@gmail.com	2331	ok
REGISTRATION FEE	NETBANKING	DUM3824756	16-MAR-24	1250	Completed Successfully	1302209287	KAMLESH	6268116799	khandwatyping1@gmail.com	1250	REGN FEE
OFFER FEES	NETBANKING	DUM3824677	16-MAR-24	3830	Completed Successfully	2006206600	Shashibai yadav	9584913151	padmavatiwarehouse.co@gamil.com	3830	padmavati warehouse offer recipt
OFFER FEES	NETBANKING	DUM3824681	16-MAR-24	3125	Completed Successfully	1302209287	PURNIMA WAREHOUSE	6268116799	khandwatyping1@gmail.com	3125	OFFER FEE
OFFER FEES	NETBANKING	DUM3824695	16-MAR-24	5625	Completed Successfully	3006208716	PREETI SAHU	9993660550	amitkumarsahu583@gmail.com	5625	MAAKARMA WAREHOUSING GUNDRAI BAMHORI
OFFER FEES	OTHERDCARD	DUM3824628	16-MAR-24	2766	Completed Successfully	2206181347	MPSCSC	9981686222	thakur.vinay30vt71@gmail.com	2766	Payment for Offer Fees
OFFER FEES	NETBANKING	DUM3824811	16-MAR-24	5617	Completed Successfully	1104207503	ANITA CHOUBEY	9425151059	choubeywh@gmail.com	5617	Offer
OFFER FEES	NETBANKING	DUM3824486	16-MAR-24	2953	Completed Successfully	2303203577	KANTI DEVI GUPTA	8770313296	priyankagpt257@gmail.com	2953	payment for offer capacity
REGISTRATION FEE	NETBANKING	DUM3825131	16-MAR-24	2306	Completed Successfully	2606205059	SAMRIDDHI AGRO FOODS	8827451444	samriddhi.agr.foods@gmail.com	2306	REGISTRATION FEE
OFFER FEES	NETBANKING	DUM3825141	16-MAR-24	3344	Completed Successfully	4101207727	SHRI RAM WAREHOUSE	9753332224	sanjaygolya1693@gmail.com	3344	
REGISTRATION FEE	NETBANKING	DUM3824890	16-MAR-24	1134	Completed Successfully	230318035	KANTI DEVI GUPTA	8770313296	shailendra_chp@yahoo.com	1134	payment for reg. fees
OFFER FEES	BILLDESK	DUM3824892	16-MAR-24	4218	Completed Successfully	2604205846	Jeevan Warehouse	9993959748	prateek_tyagi786@yahoo.com	4218	Offer fees
OFFER FEES	OTHERDCARD	DUM3824898	16-MAR-24	4590	Completed Successfully	0505206563	lata singh	9617789323	accounts.kolaras@bhagawatigroup.in	4590	offer fees 24-25
REGISTRATION FEE	NETBANKING	DUM3825147	16-MAR-24	812	Completed Successfully	3203209289	HEMLATA CHANDRAWANSHI	9424517977	naresh.chandrawanshi@gmail.com	812	Registration Fees
REGISTRATION FEE	NETBANKING	DUM3824896	16-MAR-24	4217	Completed Successfully	3404181065	R.Laxman warehouse	9424921647	neekhraprasan254265@gmail.com	4217	registration fee
REGISTRATION FEE	NETBANKING	DUM3825003	16-MAR-24	1940	Completed Successfully	1301204955	JAI AGRASEN AGROTECH	9424585661	agrotech.ja@gmail.com	1940	REGN FEE
REGISTRATION FEE	NETBANKING	DUM3824924	16-MAR-24	2306	Completed Successfully	2606205063	SAMRIDDHI AGRO MARKETING	9893803555	samriddhi.agr.mkt@gmail.com	2306	REGISTRATION FEE
OFFER FEES	NETBANKING	DUM3825357	16-MAR-24	2835	Completed Successfully	230318035	KANTI DEVI GUPTA	8770313296	shailendra_chp@yahoo.com	2835	PAYMENT FOR OFFER CAPACITY
REGISTRATION FEE	NETBANKING	DUM3825180	16-MAR-24	378	Completed Successfully	2602209286	SHREE SHIV JEEVAN AGRO- 2	7000384720	govindrajput9102001@gmail.com	378	REGITSTRATION FEE
REGISTRATION FEE	NETBANKING	DUM3825196	16-MAR-24	1575	Completed Successfully	3005204533	KAVITA RAGHUWANSHI	9755707001	raghuwanshikavita49@gmail.com	1575	REGISTRATION FEE
OFFER FEES	NETBANKING	DUM3825404	16-MAR-24	2030	Completed Successfully	3203209289	HEMLATA CHANDRAWANSHI	9424517977	naresh.chandrawanshi@gmail.com	2030	
OFFER FEES	NETBANKING	DUM3825417	16-MAR-24	7417	Completed Successfully	3606208994	VRANDA BHARADWAJ	9425174923	vranda9397@gmail.com	7417	offer fees
OFFER FEES	NETBANKING	DUM3825092	16-MAR-24	5250	Completed Successfully	2006208649	SHREE RAMANAND WAREHOUSE -I	9926884448	NEERAJ.VRUTTI@GMAIL.COM	5250	offer Fees
OFFER FEES	NETBANKING	DUM3825228	16-MAR-24	938	Completed Successfully	2303192832	SHAILENDRA GUPTA	8770313296	raj.gupta544@gmail.com	938	payment for offer capacity
REGISTRATION FEE	SBDEBIT	DUM3825235	16-MAR-24	448	Completed Successfully	1001209288	BAIJNTI THAKUR	9640873855	vijayshribarkoti@gmail.com	448	registration omshanti
OFFER FEES	CREDITCARD	DUM3825220	16-MAR-24	4420	Completed Successfully	130418126	Gramco Infratech Pvt. Ltd	8889911106	accounts@gramco.in	4420	Gramco Atootkhas Warehouse
REGISTRATION FEE	OTHERDCARD	DUM3825237	16-MAR-24	3008	Completed Successfully	0502203841	BARKHA KHANDELWAL	9893631810	ajay455shukla@gmail.com	3008	REGISTRATION FEES
OFFER FEES	NETBANKING	DUM3825263	16-MAR-24	5035	Completed Successfully	2706208278	MS NEW SHAKTI WAREHOUSE CORPORATION	9425149047	satishrai19842@gmail.com	5035	OFFER FEE
OFFER FEES	NETBANKING	DUM3825474	16-MAR-24	2808	Completed Successfully	3005205108	HEMALATA JARARIYA	9977256172	jarvind886@gmail.com	2808	OFFER FEE HARNAM WAREHOUSE
OFFER FEES	NETBANKING	DUM3825484	16-MAR-24	5465	Completed Successfully	3306207575	Bhavana Dixit	7869678802	dixitagropark@gmail.com	5465	Offer
OFFER FEES	NETBANKING	DUM3825283	16-MAR-24	945	Completed Successfully	2602209286	SHREE SHIV JEEVAN AGRO- 2	7000384720	govindrajput9102001@gmail.com	945	OFFER FEE
OFFER FEES	NETBANKING	DUM3825556	16-MAR-24	5166	Completed Successfully	2705205332	renu agrawal	8319375486	aagrwal684@gmail.com	5166	offer fees for JAI GIRRAJ Warehouse, Kurwai, Vidisha
OFFER FEES	SBDEBIT	DUM3825733	16-MAR-24	5644	Completed Successfully	2608207697	SUSHIL KUMAR GOUR	9826816877	shivwarehouse1957@gmail.com	5644	OFFER FEE
REGISTRATION FEE	NETBANKING	DUM3825750	16-MAR-24	488	Completed Successfully	3004193382	AKHILESH NAGAR DEVI SINGH WAREHOUSE AND AGRO SERVICES	9340651299	akhleshnagar1982@gmail.com	488	
OFFER FEES	NETBANKING	DUM3825755	16-MAR-24	2371	Completed Successfully	2608204195	MALTEE GOUR	9993354790	neeraj2dixit@gmail.com	2371	
OFFER FEES	SBDEBIT	DUM3825784	16-MAR-24	1119	Completed Successfully	1001209288	BAIJNTI THAKUR	9340853855	vijayshribarkoti@gmail.com	1119	OFFER FEE FOR 2024-25 0M SHANTI
OFFER FEES	NETBANKING	DUM3825795	16-MAR-24	3206	Completed Successfully	3702206156	MAMTA MALOO PROP VARDHMAN WAREHOUSE	8770689216	abhinavmaloo@gmail.com	3206	Offer Fees Vardhman Warehouse 11
REGISTRATION FEE	NETBANKING	DUM3825804	16-MAR-24	2100	Completed Successfully	1301204046	SHRI KELA DEVI WAREHOUSING	9425928331	khandwatyping1@gmail.com	2100	REGN FEE
REGISTRATION FEE	NETBANKING	DUM3825808	16-MAR-24	761	Completed Successfully	2906204903	NAVNITA NAGAR DEVI SINGH PATEL WAREHOUSE	7000650093	devisinghpatelwarehouse@gmail.com	761	
OFFER FEES	NETBANKING	DUM3825810	16-MAR-24	4516	Completed Successfully	0801204627	RESHAM WAREHOUSE	9303554444	RESHAMWAREHOUSE@GMAIL.COM	4516	RESHAM WAREHOUSE OFFER FEES
OFFER FEES	NETBANKING	DUM3825839	16-MAR-24	5813	Completed Successfully	2606207222	SHIVSHAKTI WAREHOUSE	7415585445	shivshaktiwarehousee@gmail.com	5813	OFFER FEE
REGISTRATION FEE	BILLDESK	DUM3825841	16-MAR-24	966	Completed Successfully	2605203930	New Jagdamba Warehousing	9340374473	jagdambawh04@gmail.com	966	Registration Fees
REGISTRATION FEE	NETBANKING	DUM3825863	16-MAR-24	2141	Completed Successfully	1803208725	ashish rayakwar	8871265331	ashishraikwar331@gmail.com	2141	ASHISH WAREHOUSE
REGISTRATION FEE	NETBANKING	DUM3825874	16-MAR-24	975	Completed Successfully	3004204215	AKHILESH NAGAR DEVI SINGH WAREHOUSE AND AGRO SERVICES	7024912840	onilneworksshopoganj@gmail.com	975	
OFFER FEES	NETBANKING	DUM3825884	16-MAR-24	3770	Completed Successfully	2906208866	Sandhya Nagar	9770895268	shreemanglam36@gmail.com	3770	Offer Fees
OFFER FEES	NETBANKING	DUM3825888	16-MAR-24	4658	Completed Successfully	4101205349	BHAGWATI KRIPA WAREHOUSE	9826450376	shriramkrupaharda@gmail.com	4658	
REGISTRATION FEE	OTHERDCARD	DUM3825891	16-MAR-24	2288	Completed Successfully	3004204702	SANTOSH LOVANSHI	9826988932	santoshlovanshi@gmail.com	2288.00	
OFFER FEES	NETBANKING	DUM3825919	16-MAR-24	5352	Completed Successfully	1803208725	ashish rayakwar	8871265331	ashishraikwar331@gmail.com	5352	ASHISH WAREHOUSE
OFFER FEES	NETBANKING	DUM3825913	16-MAR-24	5719	Completed Successfully	2905208350	Sonu Yadav	9926312194	shrisanatansandeshwarehouse@gmail.com	5719	SHRI SANATAN SANDESH WAREHOUSE
OFFER FEES	NETBANKING	DUM3826176	16-MAR-24	2503	Completed Successfully	2207206373	ANNAPURNA WAREHOUSE	9425914507	SHARADCOTTON@GMAIL.COM	2503	ANNAPURNA WAREHOUSE OFFER FEES
OFFER FEES	NETBANKING	DUM3826199	16-MAR-24	4226	Completed Successfully	340326374	JAIN WAREHOUSE 02	9329686996	jainsangita422@gmail.com	4226	OFFER FEES
OFFER FEES	BILLDESK	DUM3826227	16-MAR-24	5712	Completed Successfully	3404181185	VIJEET KUMAR BHATTER	9893803555	vijeet_pip@yahoo.com	5712	offer fee
OFFER FEES	NETBANKING	DUM3826287	16-MAR-24	2929	Completed Successfully	3403206377	M/S JAIN GODOWN	9329686996	sangeeta123456jain@gmail.com	2929	OFFRE FEES
OFFER FEES	OTHERDCARD	DUM3826434	16-MAR-24	2588	Completed Successfully	2801192750	JASWANT SINGH	9993168398	jsconventschool@gmail.com	2588	OFFER FEE FOR JVS 2024-25 SARJU WAREHOUSE
OFFER FEES	CREDITCARD	DUM3826436	16-MAR-24	2237	Completed Successfully	2901208160	yogesh purohit	9630091825	yogesh_purohit@ruchiinfrastructure.com	2237	Sehore Ch D
REGISTRATION FEE	BILLDESK	DUM3826528	16-MAR-24	240	Completed Successfully	1803203433	SHREE SANKAR MOCHAN	9893643442	sankatmochanwarehouse@gmail.com	240	registration fees
REGISTRATION FEE	NETBANKING	DUM3826559	16-MAR-24	2217	Completed Successfully	3005209292	PRATIGYA JHAWAR	9131634075	jhawardarsh@gmail.com	2217	REGISTRATION FEE SHREE REWA WAREHOUSING
OFFER FEES	NETBANKING	DUM3826571	16-MAR-24	1805	Completed Successfully	1007208904	KUSUM SAHU	9893876400	sramsewak71@gmail.com	1805	Offer Fee
REGISTRATION FEE	BILLDESK	DUM3826575	16-MAR-24	1213	Completed Successfully	1804209241	DEW SHREE WAREHOUSE	9039166320	devshreewh@gmail.com	1213	registration fees
OFFER FEES	NETBANKING	DUM3826743	16-MAR-24	5355	Completed Successfully	0502208205	MAA RAJESHWARI WAREHOUSE	9425136757	santoshshivhare57@gmail.com	5355	
OFFER FEES	BILLDESK	DUM3826609	16-MAR-24	3034	Completed Successfully	1804209241	DEW SHREE WAREHOUSE	9039166320	devshreewh@gmail.com	3034	offer fees
REGISTRATION FEE	OTHERDCARD	DUM3826950	16-MAR-24	5245	Completed Successfully	290518647	sandeep patel	9926908489	sandeeppatel2118@gmail.com	5245.00	Ragistration fees
OFFER FEES	CREDITCARD	DUM3826947	16-MAR-24	2264	Completed Successfully	2901208973	yogesh purohit	9630091825	yogesh_purohit@ruchiinfrastructure.com	2264	SECHORECHC
OFFER FEES	NETBANKING	DUM3826790	16-MAR-24	5541	Completed Successfully	3005209292	PRATIGYA JHAWAR	9131634075	jhawardarsh@gmail.com	5541	OFFER FEE SHREE REWA WAREHOUSING
OFFER FEES	NETBANKING	DUM3826629	16-MAR-24	5608	Completed Successfully	2301208133	SONAM GUPTA	9425813667	diwakar.gupta14@gmail.com	5608	
OFFER FEES	BILLDESK	DUM3826946	16-MAR-24	5471	Completed Successfully	3104207473	PUSPA SINGH KILEDAR	9479711111	kiledarwarehouseshahpur@gmail.com	5471	KILEDAR WAREHOUSE 1 OFFER FEES Rs. 5471/-
REGISTRATION FEE	BILLDESK	DUM3826649	16-MAR-24	2257	Completed Successfully	1804209243	DEV SHAKTI WAREHOUSE	9893015255	devshaktiwh@gmail.com	2257	registration fees
OFFER FEES	BILLDESK	DUM3826989	16-MAR-24	5643	Completed Successfully	1804209243	DEV SHAKTI WAREHOUSE	9893015255	devshaktiwh@gmail.com	5643	offer fees
OFFER FEES	NETBANKING	DUM3827000	16-MAR-24	4050	Completed Successfully	3307205306	Monika Jain	9425324327	swastikwaerehousejbp@gmail.com	4050	offer
OFFER FEES	OTHERDCARD	DUM3826646	16-MAR-24	5742	Completed Successfully	4102206756	Ramadhani Warehouse	9754633775	ramadhaniwarehouse@gmail.com	5742	
OFFER FEES	BILLDESK	DUM3827018	16-MAR-24	7172	Completed Successfully	3101207568	PADMA SINGH KILEDAR	9425002974	pskwarehousepohar@gmail.com	7172	KILEDAR WAREHOUSE POHAR OFFER FEES Rs. 7172/-
REGISTRATION FEE	BILLDESK	DUM3826873	16-MAR-24	1879	Completed Successfully	1803209258	SHRI KANHA WAREHOUSE	9893519297	shrikanhawh@gmail.com	1879	registration fees
OFFER FEES	NETBANKING	DUM3826718	16-MAR-24	5594	Completed Successfully	3001204560	Pragya Warehouse	9826241699	lovely25guy@gmail.com	5594	OFFER FEES
OFFER FEES	NETBANKING	DUM3826876	16-MAR-24	5848	Completed Successfully	0607206945	POOJA MEENA	7389868906	pm53323@gmail.com	5848	Offer Fees
OFFER FEES	BILLDESK	DUM3827051	16-MAR-24	4697	Completed Successfully	1803209258	SHRI KANHA WAREHOUSE	9893519297	shrikanhawh@gmail.com	4697	offer fees
OFFER FEES	NETBANKING	DUM3827066	16-MAR-24	2475	Completed Successfully	1301209059	BHATI WAREHOUSE	9074430786	khandwatyping1@gmail.com	2475	OFFER FEE
OFFER FEES	CREDITCARD	DUM3827075	16-MAR-24	4400	Completed Successfully	1901207477	yogesh purohit	9630091825	yogesh_purohit@ruchiinfrastructure.com	4400	SHAJAPURCHB
OFFER FEES	BILLDESK	DUM3827335	16-MAR-24	8231	Completed Successfully	2905182492	OM SAI WAREHOUSE	9229637063	omsaiwarehouse1234@gmail.com	8231	offer fee
OFFER FEES	BILLDESK	DUM3827090	16-MAR-24	4922	Completed Successfully	1804205487	ANNAPURNA WAREHOUSE	9993116981	rathorem697@gmail.com	4922	offer fees
REGISTRATION FEE	BILLDESK	DUM3827111	16-MAR-24	4958	Completed Successfully	3102209283	PRADEEP SINGH KILEDAR	8989177777	rsktechnical2020@gmail.com	4958	PSK WAREHOUSE BHOGITEDA REGISTRATION FEE Rs. 4958/-
OFFER FEES	NETBANKING	DUM3827374	16-MAR-24	5025	Completed Successfully	2302207657	AJAY KUMAR GUPTA	9425141289	ajay.gupta1790@gmail.com	5025	
OFFER FEES	CREDITCARD	DUM3827535	16-MAR-24	4400	Completed Successfully	1901205280	yogesh purohit	9630091825	yogesh_purohit@ruchiinfrastructure.com	4400	SHAJAPUR CH A
REGISTRATION FEE	NETBANKING	DUM3827292	16-MAR-24	1464	Completed Successfully	2604204652	Rajput Warehouse 29	9893846812	kuldeep150709@gmail.com	1464	Registration Fees
OFFER FEES	BILLDESK	DUM3827622	16-MAR-24	7118	Completed Successfully	3103206052	RSK CONST. PVT.LTD. WAREHOUSE	9425002373	rskcon_pvtltd@yahoo.co.in	7118	RSK CONST PVT LTD WAREHOUSE MULTAI OFFER FEES Rs. 7118/-
REGISTRATION FEE	OTHERDCARD	DUM3827773	16-MAR-24	2886	Completed Successfully	270118598	AYUSH RAJ SINGH THAKUR	9755572782	ayushthakur1998@gmail.com	2886	
OFFER FEES	OTHERDCARD	DUM3827889	16-MAR-24	2018	Completed Successfully	370818661	MEENA JAIN	9977268888	paras_dhanora@bharatgas.in	2018	OFFER FEE
REGISTRATION FEE	OTHERDCARD	DUM3827894	16-MAR-24	2284	Completed Successfully	2905205043	ROHIT CHOUHAN	99930429988	CHOUHANR001@GMAIL.COM	2284	RE-REGISTRATION FEES OF RP WAREHOUSE
OFFER FEES	BILLDESK	DUM3827892	16-MAR-24	3661	Completed Successfully	2604207260	Rajput Agro Warehouse	8120120809	adhirit10101@gmail.com	3661	Offer Fees
OFFER FEES	NETBANKING	DUM3827918	16-MAR-24	5625	Completed Successfully	3304208957	SANGEETA SAHAJWANI	9826330935	jaiwhcor@gmail.com	5625	offer fees
OFFER FEES	OTHERDCARD	DUM3828390	16-MAR-24	1836	Completed Successfully	3401205642	bhanu paliwal	9993828876	bhanupaliwal866@gmail.com	1836	offer fees
REGISTRATION FEE	BILLDESK	DUM3828095	16-MAR-24	1856	Completed Successfully	1803209295	DEPAN WAREHOUSE	8770953316	pradhumdepan111@gmail.com	1856	tr
OFFER FEES	NETBANKING	DUM3828512	16-MAR-24	3631	Completed Successfully	090718413	ALOK TIWARI	9981009393	alokinguddu@gmai.com	3631	offer fee
OFFER FEES	NETBANKING	DUM3828537	16-MAR-24	1969	Completed Successfully	0704208793	RAJESHWARI WAREHOUSE	8103791112	neerajyadavdat@gmail.com	1969	RAVBI FASAL OFFERS
REGISTRATION FEE	NETBANKING	DUM3828269	16-MAR-24	938	Completed Successfully	2704203884	pradeep singh pawar	9479393555	pradeepspawar1@gmail.com	938.00	registration fees paid(Abhi ware house)
OFFER FEES	NETBANKING	DUM3828753	16-MAR-24	7939	Completed Successfully	2001209224	CHANDANI PATEL	9754745750	pradeep.kanchanseeds@gmail.com	7939	OFFER FEES
REGISTRATION FEE	NETBANKING	DUM3828754	16-MAR-24	2021	Completed Successfully	1607203443	SHREE LAXMI WAREHOUSE	9806325985	shreeganeshw15@gmail.com	2021	JV SCHEME REGISTRATION FEES
OFFER FEES	OTHERDCARD	DUM3828784	16-MAR-24	1864	Completed Successfully	3403181255	Shail Warehouse	9753441333	Shail.warehouse@gmail.com	1864	offer fees shail warehouse
REGISTRATION FEE	NETBANKING	DUM3828307	16-MAR-24	1282	Completed Successfully	3305204086	Amita Thakur	9630115039	amitsingh.pawar4@gmail.com	1282	Registration Renewal
REGISTRATION FEE	NETBANKING	DUM3828826	16-MAR-24	1538	Completed Successfully	3003204034	SULEKHA SINGHAI	9827802099	mayanksinghai1978@gmail.com	1538	ok
OFFER FEES	BILLDESK	DUM3828940	16-MAR-24	5604	Completed Successfully	1006208565	nidhi	9893787887	shriyamunalogistics@gmail.com	5604	
OFFER FEES	NETBANKING	DUM3828958	16-MAR-24	3856	Completed Successfully	3305208021	SIHORA WAREHOUSE PRO JAVED AHMED QURESHI	9424957778	gulshan.rdvv@gmail.com	3856	OFFER FEES
REGISTRATION FEE	BILLDESK	DUM3828678	16-MAR-24	5522	Completed Successfully	3203205684	RAJ LAXMI WAREHOUSE	9826097134	vaibhavgarg12@gmail.com	5522	REGISTRATION FEES
OFFER FEES	SBDEBIT	DUM3828851	16-MAR-24	4914	Completed Successfully	260218418	MEENA WAREHOUSE CORPORATION	9981590048	mayameena.2018et@gmail.com	4914	OFFER FEES
OFFER FEES	NETBANKING	DUM3828959	16-MAR-24	14595	Completed Successfully	1204181002	UMA KUMARI	9691905477	manishahuja2u@gmail.com	14595	OFFER FEES
OFFER FEES	NETBANKING	DUM3828699	16-MAR-24	4961	Completed Successfully	2701205219	tejindar singh	8839103045	marutiwarehousingcorporation1@gmail.com	4961.00	offer fees paid( maruti ware housing cor.)
REGISTRATION FEE	NETBANKING	DUM3828864	16-MAR-24	1282	Completed Successfully	3305204085	NEETU RAJPOOT	9907225891	neetumjh@gmail.com	1282	Registration renewal
REGISTRATION FEE	NETBANKING	DUM3828976	16-MAR-24	2022	Completed Successfully	5102206741	Asha Devi Bajaj	9893515450	bajaj.golu@gmail.com	2022	Registration Fee
OFFER FEES	BILLDESK	DUM3829021	16-MAR-24	5156	Completed Successfully	2705208194	wahid khan	9981121353	wahidkhan1040@gmail.com	5156	
REGISTRATION FEE	NETBANKING	DUM3828920	16-MAR-24	2229	Completed Successfully	4601209296	PRIYANKA  ARORA	9098331991	PRIYANKA2731@GMAIL.COM	2229	RAGISTRATION
OFFER FEES	NETBANKING	DUM3829178	16-MAR-24	7581	Completed Successfully	2704208343	suresh namdev	9131465138	Gyanu231@gmail.com	7581.00	offer fees paid( swariya warehouse and logi.)
OFFER FEES	BILLDESK	DUM3829196	16-MAR-24	9375	Completed Successfully	2905208118	SUDAMA WAREHOUSE	9826485331	sudamawarehouse@gmail.com	9375	godam offer fee
REGISTRATION FEE	NETBANKING	DUM3829072	16-MAR-24	668	Completed Successfully	3108181595	GURUSAHAB WARE HOUSE	9425610037	riteshchicholi@gmail.com	668	ok
OFFER FEES	NETBANKING	DUM3829086	16-MAR-24	3132	Completed Successfully	3306207919	Sangeeta Jaggi	9589555595	gauravwhw@gmail.com	3132	offer
OFFER FEES	NETBANKING	DUM3829385	16-MAR-24	5572	Completed Successfully	4601209296	PRIYANKA  ARORA	9098331991	PRIYANKA2731@GMAIL.COM	5572	OFFER
REGISTRATION FEE	NETBANKING	DUM3829115	16-MAR-24	2337	Completed Successfully	5104204942	NISHA GOYAN	9425921757	rdgoyan@gmail.com	2337.00	0
OFFER FEES	NETBANKING	DUM3829532	16-MAR-24	3122	Completed Successfully	2701205106	santosh	8770368384	aeffs9715k@gmail.com	3122.00	offer fees paid(shyam shyama wh cor.)
OFFER FEES	NETBANKING	DUM3829250	16-MAR-24	5625	Completed Successfully	1210208933	MANJU MISHRA	9424617337	manjuupadhyay751@gmail.Com	5625	OFFER FEES
OFFER FEES	BILLDESK	DUM3829257	16-MAR-24	5699	Completed Successfully	2601204987	SONALEE RAGHUWANSHI	8269655555	mahendraraghu300@gmail.com	5699	offer fee
OFFER FEES	OTHERDCARD	DUM3829264	16-MAR-24	5616	Completed Successfully	3403207917	Shail Warehouse krimank 2	9424917003	ankit.upadhyay0707@gmail.com	5616	Shail warehouse 2 offer fees
OFFER FEES	NETBANKING	DUM3829568	16-MAR-24	3216	Completed Successfully	3003205892	SHAKUN PATEL	9179399537	newyashodawarehouse	3216	ok
OFFER FEES	NETBANKING	DUM3829589	16-MAR-24	1671	Completed Successfully	3108181595	GURUSAHAB WARE HOUSE	9425610037	riteshchicholi@gmail.com	1671	ok
REGISTRATION FEE	NETBANKING	DUM3829620	16-MAR-24	2243	Completed Successfully	1607204588	SHREE NATH WAREHOUSE	8982712701	vineetporwal701@gmail.com	2243	REGISTRATION FEES FOR JVS SCHEME
REGISTRATION FEE	OTHERDCARD	DUM3829485	16-MAR-24	1350	Completed Successfully	2710209297	Miti Rajput	9893711048	mprajput86@gmail.com	1350	Ragistration Fee
OFFER FEES	NETBANKING	DUM3829645	16-MAR-24	5454	Completed Successfully	2301208140	RONIT URF PANKAJ AGRAWAL	7999482296	pankajagrawal2003pa@gmail.com	5454	payment of offer of godown named maharaja warehouse
OFFER FEES	NETBANKING	DUM3829754	16-MAR-24	2876	Completed Successfully	3304181970	TIRUPATI WAREHOUSING AND AGRO SERVICES PRO DINESH PAHARIA	9977520351	dineshpaharia@yahoo.com	2876	offer  fees
OFFER FEES	NETBANKING	DUM3829691	16-MAR-24	3580	Completed Successfully	3402208349	SUNITA RAGHUWANSHI	9752911122	sunitaraghuwanshi2222@gmail.com	3580	offer fees
OFFER FEES	NETBANKING	DUM3829939	16-MAR-24	2470	Completed Successfully	3306208076	Nidhi Shrivastava	7470947808	maasaraswatiwh@gmaiil.com	2470	offer
REGISTRATION FEE	NETBANKING	DUM3829966	16-MAR-24	810	Completed Successfully	3003204316	LAXMI PATEL	9713097959	laxmiwarehousebmg@gmail.com	810	ok
OFFER FEES	NETBANKING	DUM3829980	16-MAR-24	5038	Completed Successfully	2301207328	RANI AGRAWAL	7999482296	RONITAGRAWAL.AT@GMAIL.COM	5038	PAYMENT OF OFFER OF GODOWN NAMED RONIT WAREHOUSE
OFFER FEES	NETBANKING	DUM3830026	16-MAR-24	2008	Completed Successfully	3404209076	SAVITA GUBRELE	9993222462	atulgubrele@gmail.com	2008	offer fee
REGISTRATION FEE	NETBANKING	DUM3830050	16-MAR-24	2190	Completed Successfully	4601209298	PREM BAI	8839089336	SONUSAHU89726@GMAIL.COM	2190	RAGISTRATION
REGISTRATION FEE	NETBANKING	DUM3830061	16-MAR-24	1628	Completed Successfully	4101203669	MEENA KHANDELWAL	9926460789	khandelwalmeena1971@gmail.com	1628	ragistration fees
OFFER FEES	NETBANKING	DUM3830230	16-MAR-24	7945	Completed Successfully	3003205390	BHANU JAIN	9893836778	bhanujainbmg@gmail.com	7945	ok
OFFER FEES	NETBANKING	DUM3830237	16-MAR-24	2738	Completed Successfully	4601209298	PREM BAI	8839089336	SONUSAHU89726@GMAIL.COM	2738	OFFER
OFFER FEES	NETBANKING	DUM3830105	16-MAR-24	5408	Completed Successfully	2303208154	RONIT URF PANKAJ AGRAWAL	7999482296	therudrakshwarehouse@gmail.com	5408	payment of offer of godown named Rudraksh warehouse
OFFER FEES	NETBANKING	DUM3830280	16-MAR-24	2008	Completed Successfully	3404209078	SAROJ DEVI	9425611167	surendra.kau@gmail.com	2008	offer fee
REGISTRATION FEE	NETBANKING	DUM3830549	16-MAR-24	650	Completed Successfully	3302204391	Rakesh Agrawal	9900216303	bobby.agrawal@gmail.com	650	registration renewal
REGISTRATION FEE	OTHERDCARD	DUM3830545	16-MAR-24	2031	Completed Successfully	2801209299	SHIVNARAYAN GOUR	8819009450	gurukripawarehouse2024@gmail.com	2031	Registration fee MS GURU KRIPA WAREHOUSE BAGSI
REGISTRATION FEE	NETBANKING	DUM3830316	16-MAR-24	2256	Completed Successfully	3001205017	Shri Siddhi Vinayak warehouse	9893341470	siddhivinayakwarehouse001@gmail.com	2256	Registration Fees
REGISTRATION FEE	NETBANKING	DUM3830554	16-MAR-24	4638	Completed Successfully	4101203671	RAJESH PALIYA	8770796993	paliyaarchana@gmail.com	4638	ragistration fees
REGISTRATION FEE	NETBANKING	DUM3830390	16-MAR-24	1550	Completed Successfully	2706204899	vaibhav shrivastava	9977960682	bshrivastava26@gmail.com	1550	
OFFER FEES	OTHERDCARD	DUM3830577	16-MAR-24	3726	Completed Successfully	3403206984	SHREE KRISHNA STORAGE	9993216961	shrikrishnast@gmail.com	3726	OFFER FEE
OFFER FEES	NETBANKING	DUM3830601	16-MAR-24	5719	Completed Successfully	2905206090	Kamla Bai	9111478585	hukumsinghpanwar99@gmail.com	5719	Kamla Warehouse
REGISTRATION FEE	SBDEBIT	DUM3830753	16-MAR-24	376	Completed Successfully	1301204425	Piyush Upadhyay	9425090017	piyush.upadhyay2911@gmail.com	376	
OFFER FEES	BILLDESK	DUM3830606	16-MAR-24	1588	Completed Successfully	3107207788	ABHILASHA BAJPAI	9907902698	anupambetul@gmail.com	1588	JVS SCHEME OFFER FOR 2024-2025
OFFER FEES	NETBANKING	DUM3830466	16-MAR-24	1172	Completed Successfully	3402208375	SAROJ BAI	7697335610	rajputsubhas147@gmail.com	1172	offer fee
OFFER FEES	OTHERDCARD	DUM3830669	16-MAR-24	5078	Completed Successfully	2801209299	SHIVNARAYAN GOUR	8819009450	gurukripawarehouse2024@gmail.com	5078	OFFER FEE FOR JVS 2024-25 MS GURU KRIPA WAREHOUSE BAGSI
REGISTRATION FEE	NETBANKING	DUM3830683	16-MAR-24	1326	Completed Successfully	0303209254	Sarita Tomar	8120217138	raghvendra.jatara@gmail.com	1326	
OFFER FEES	NETBANKING	DUM3830686	16-MAR-24	5625	Completed Successfully	1606205179	SANWARIYA WAREHOUSE	9174711755	shivdhanotiya242@gmail.com	5625	Offer Fees for JVS Scheme
REGISTRATION FEE	OTHERDCARD	DUM3830718	16-MAR-24	2250	Completed Successfully	1604204925	Lalita choudhary	9111118595	harshvardhan0805@gmail.com	2250.00	Registration Fee
OFFER FEES	BILLDESK	DUM3830716	16-MAR-24	4898	Completed Successfully	1002206866	abha mishra	6260980676	revawarehousing@gmail.com	4898	
REGISTRATION FEE	NETBANKING	DUM3830845	16-MAR-24	840	Completed Successfully	3008203559	NIRMALA RAI	9755178752	rai21802@gmail.com	840	REGISTRATION RENEW MAHAVEER WAREHOUSE
OFFER FEES	NETBANKING	DUM3830983	16-MAR-24	5056	Completed Successfully	3002207060	RAMAVATI	9685353580	adarshwarehousing2.0@gmail.com	5056	adarsh warehousing unit 2
REGISTRATION FEE	NETBANKING	DUM3831048	16-MAR-24	1366	Completed Successfully	3402206298	ANIL KUMAR KATHAL	9425169483	anilwarehousekareli@gmail.com	1366	reg fee
OFFER FEES	BILLDESK	DUM3831191	16-MAR-24	4898	Completed Successfully	1002206947	yuvika sahu	7000448538	kpswarehousing@gmail.com	4898	
OFFER FEES	CREDITCARD	DUM3831051	16-MAR-24	5713	Completed Successfully	0907207544	MAYA GAUTAM	9131200001	manojgautam94253@gmail.com	5713	5713
OFFER FEES	OTHERDCARD	DUM3831335	16-MAR-24	1997	Completed Successfully	1607206806	Ravi porwal	999370143	porwalenterprises23@gmail.com	1997.00	offer Fee
OFFER FEES	NETBANKING	DUM3831104	16-MAR-24	3790	Completed Successfully	3303206164	KIRAN PYASI	9424320068	rajeshpyasi.advocate@gmail.com	3790	Offer
REGISTRATION FEE	NETBANKING	DUM3831375	16-MAR-24	1674	Completed Successfully	3404205230	MAMTA JAIN	9425833805	MAMTAJAIN4455@GMAIL.COM	1674	REG FEE
REGISTRATION FEE	CREDITCARD	DUM3831385	16-MAR-24	1796	Completed Successfully	3705209222	RAM NARAYAN RAI	9584543067	storkdigi@gmail.com	1796	registration fee
REGISTRATION FEE	OTHERDCARD	DUM3831582	16-MAR-24	2296	Completed Successfully	1607204642	labhu Bai	9691931616	dilipbanna8181@gmail.com	2296.00	Registration Fee
OFFER FEES	CREDITCARD	DUM3831277	16-MAR-24	6872	Completed Successfully	0907207955	ASHOK KUMAR DUBEY	8839161197	ud0411dubey92@gmail.com	6872	6872
OFFER FEES	NETBANKING	DUM3831474	16-MAR-24	1175	Completed Successfully	300318542	LALITA SONI	9425493200	ramawarehouse@gmail.com	1175	ok
OFFER FEES	SBDEBIT	DUM3831639	16-MAR-24	5860	Completed Successfully	1305206565	SONAM GOYAL	9993558894	arpit15goyal@gmail.com	5860	NA
REGISTRATION FEE	NETBANKING	DUM3831637	16-MAR-24	1568	Completed Successfully	340218393	AJEET SINGH CHHABRA	9300960279	ajitchhabra1975@gmail.com	1568	reg fee
REGISTRATION FEE	OTHERDCARD	DUM3831649	16-MAR-24	2250	Completed Successfully	3001205023	prime logistics	9575115233	patidarnikhil454@gmail.com	2250	registration fee of prime logistics
OFFER FEES	BILLDESK	DUM3831661	16-MAR-24	5625	Completed Successfully	2705206977	KOHINOOR WAREHOUSING COMPANY	9826787000	RRAJPOOT877@GMAIL.COM	5625	OFFER FFES
OFFER FEES	NETBANKING	DUM3831677	16-MAR-24	2166	Completed Successfully	300318512	KAMLA JAIN	9893836878	aagambmg@gmail.com	2166	ok
REGISTRATION FEE	NETBANKING	DUM3831742	16-MAR-24	1559	Completed Successfully	3605209262	UTTAM SINGH SURYAVANSHI	7987825818	chandrabhushansuryawanshi071@gmail.com	1559	REG.FEES
OFFER FEES	OTHERDCARD	DUM3831690	16-MAR-24	3810	Completed Successfully	1706209196	Priya dakh	9425927177	avidharwarehousing@gmail.com	3810.00	Offer Fee
OFFER FEES	NETBANKING	DUM3831687	16-MAR-24	3825	Completed Successfully	2604203491	JAYANTI SEEDS AND WAREHOUSE	9584857896	agrawal9109@gmail.com	3825	offer fees
OFFER FEES	OTHERDCARD	DUM3832129	16-MAR-24	4219	Completed Successfully	2905205417	SHRI N.P WAREHOUSE	8889387698	ayushdubeyad9074@gmail.com	4219	payment for warehouse capacity offering
OFFER FEES	NETBANKING	DUM3832134	16-MAR-24	3898	Completed Successfully	3605209262	UTTAM SINGH SURYAVANSHI	7987825818	chandrabhushansuryawanshi071@gmail.com	3898	OFFER FEES
REGISTRATION FEE	OTHERDCARD	DUM3832212	16-MAR-24	295	Completed Successfully	3706181462	charul warehouse	9406752729	rakeshagrawal729@gmail.com	295	
REGISTRATION FEE	SBDEBIT	DUM3832235	16-MAR-24	2295	Completed Successfully	1605204564	Indu Bala Somani	8989701865	ashish.somani12345@gmail.com	2295	feet
REGISTRATION FEE	OTHERDCARD	DUM3832065	16-MAR-24	1088	Completed Successfully	1006209300	AGRAWAL WAREHOUSE	9981689489	aw.belaimp@gmail.com	1088	
REGISTRATION FEE	SBDEBIT	DUM3832353	16-MAR-24	750	Completed Successfully	1301204613	Piyush Upadhyay	9425090017	Mahabalagrowarehouse@gmail.com	750	
OFFER FEES	OTHERDCARD	DUM3832253	16-MAR-24	2720	Completed Successfully	1006209300	AGRAWAL WAREHOUSE	9981689489	roshan.mrbig@gmail.com	2720	
OFFER FEES	NETBANKING	DUM3832385	16-MAR-24	3648	Completed Successfully	2604208086	JAYANTI SEEDS AND PROCESSING WAREHOUSE UNIT 3	9425409471	rambabuagrawal757@gmail.com	3648	offer fees
OFFER FEES	SBDEBIT	DUM3832546	16-MAR-24	938	Completed Successfully	1301204425	Piyush Upadhyay	9425090017	piyush.upadhyay29@gmail.com	938	
OFFER FEES	NETBANKING	DUM3832443	16-MAR-24	4359	Completed Successfully	0803209026	MAA NARMADA COLDSTORE AND WAREHOUSE PVT LTD	9301517771	gauravchoudhary7771@gmail.com	4359	OFFER FEES
REGISTRATION FEE	NETBANKING	DUM3832515	16-MAR-24	1744	Completed Successfully	2704209246	Ayush khatri	7000166242	dudeayush09@gmail.com	1744.00	registration fees paid(ayush wh logis.)
REGISTRATION FEE	NETBANKING	DUM3832926	16-MAR-24	1541	Completed Successfully	2605209301	JAYANTI AGRO PARK AND WAREHOUSE	9522124364	jayanti.institute@gmail.com	1541	registration fees
OFFER FEES	NETBANKING	DUM3832785	16-MAR-24	4359	Completed Successfully	2704209246	Ayush khatri	7000166242	dudeayush09@gmail.com	4359.00	offer fees paid(ayush wh logis.)
REGISTRATION FEE	NETBANKING	DUM3832951	16-MAR-24	1833	Completed Successfully	0601209223	MANJU SHARMA	8982699778	itxysharma@gmail.com	1833	MANJU SHARMA WAREHOUSE
OFFER FEES	NETBANKING	DUM3832967	16-MAR-24	4582	Completed Successfully	0601209223	MANJU SHARMA	8982699778	itxysharma@gmail.com	4582	MANJU SHARMA WAREHOUSE



